split,Cement (kg/m3),Water (kg/m3),FA (kg/m3),GGBS (kg/m3),SF (kg/m3),NS (kg/m3),W/B,F-Agg (kg/m3),C-Agg (kg/m3),SP (kg/m3),Age (day),SSA (m2/g),actual_CS_MPa,predicted_CS_MPa,residual_MPa
train,320.0,170.0,55.87,0,0.0,0.0,0.45,879.45,976.75,4.39,28,170.0,65.49,64.26482268518495,1.225177314815042
train,404.7,188.1,142.5,0,0.0,22.8,0.34,793.7,793.7,14.25,28,150.0,72.9,71.2995695061734,1.6004304938266074
train,415.5,200.0,106.0,0,0.0,8.5,0.38,940.0,850.0,5.72,7,200.0,53.47,53.44637777777818,0.023622222221817424
train,346.5,210.0,0.0,0,0.0,3.5,0.6,610.0,1210.0,2.625,28,500.0,35.45,35.11547777777814,0.3345222222218638
train,525.0,196.0,70.0,105,26.25,2.62,0.27,695.0,753.0,7.0,28,202.0,95.25,90.80005555555542,4.449944444444583
train,288.0,172.0,0.0,0,0.0,5.76,0.6,773.0,1164.0,1.44,7,228.0,30.67,30.613060185184715,0.05693981481528709
train,591.0,212.0,0.0,0,0.0,9.0,0.36,472.0,1020.0,1.2,28,162.0,48.02,54.90584360630093,-6.885843606300924
train,436.5,180.0,0.0,0,0.0,9.0,0.4,664.0,1180.0,3.375,7,250.0,56.53,55.5797318783063,0.9502681216937034
train,459.0,142.0,0.0,0,24.1,0.0,0.29,739.0,1109.0,0.0,28,228.0,116.38,113.49655555555579,2.8834444444442084
train,380.0,180.0,0.0,0,0.0,20.0,0.47,948.0,776.0,9.12,91,200.0,68.2,66.97222222222165,1.227777777778357
train,392.0,163.0,0.0,0,0.0,8.0,0.42,684.0,1184.0,0.0,56,160.0,60.07,59.53103142857132,0.5389685714286827
train,344.75,210.0,0.0,0,0.0,5.25,0.6,610.0,1210.0,2.625,28,250.0,35.64,35.53542166666646,0.10457833333354216
train,329.0,136.7,141.0,0,0.0,9.87,0.29,676.0,1278.0,0.0,28,116.0,59.7,57.07720203703657,2.622797962963432
train,525.0,196.0,70.0,105,26.25,2.62,0.27,695.0,753.0,7.0,7,202.0,83.12,80.54324444444465,2.5767555555553514
train,360.0,200.0,0.0,0,0.0,40.0,0.5,615.0,1205.0,9.0,28,51.4,40.89,42.639536111111035,-1.7495361111110341
train,398.0,200.0,0.0,0,0.0,2.0,0.5,615.0,1205.0,2.0,7,500.0,35.54,35.62150555555588,-0.08150555555587857
train,415.8,160.0,0.0,0,0.0,4.2,0.38,728.0,1092.0,0.0,14,92.0,48.22,48.717888945005996,-0.4978889450059967
train,388.0,200.0,0.0,0,0.0,12.0,0.5,615.0,1205.0,6.0,28,250.0,47.43,47.19344444444469,0.23655555555531294
train,280.0,157.0,0.0,120,0.0,0.0,0.39,905.0,1040.0,3.5,3,345.0,39.5,37.813666666666634,1.6863333333333657
train,393.3,188.1,142.5,0,0.0,34.2,0.35,784.6,784.6,19.95,28,150.0,68.6,68.42462580246864,0.17537419753135453
train,493.0,104.0,0.0,0,25.8,7.395,0.2,602.0,1307.0,9.0,3,127.0,78.6,79.2175999999996,-0.6175999999996122
train,445.5,180.0,0.0,0,0.0,3.375,0.4,664.0,1180.0,1.125,7,250.0,52.18,51.55714623015901,0.6228537698409866
train,400.0,185.0,0.0,0,0.0,8.4,0.46,1040.0,733.0,7.84,120,80.0,70.73,66.93335555555598,3.796644444444027
train,255.0,165.0,45.0,0,0.0,0.0,0.55,865.013,1045.490961,2.25,3,150.0,21.79,22.63084148148171,-0.8408414814817107
train,400.0,185.0,120.0,0,0.0,8.4,0.36,949.0,668.0,7.84,28,160.0,61.2,64.81664469135738,-3.6166446913573793
train,282.0,136.7,188.0,0,0.0,8.46,0.29,676.0,1278.0,0.0,90,116.0,56.73,54.98359261904801,1.746407380951986
train,411.6,160.0,0.0,0,0.0,8.4,0.39,728.0,1092.0,0.0,14,92.0,56.15,54.45676111111174,1.69323888888826
train,585.0,120.0,0.0,0,0.0,15.0,0.21,932.0,748.0,9.0,28,54.0,109.34,107.37335555555421,1.966644444445791
train,346.5,210.0,0.0,0,0.0,3.5,0.6,610.0,1210.0,2.625,7,500.0,27.33,27.281888888889153,0.04811111111084543
train,400.0,155.0,0.0,0,0.0,10.0,0.39,873.8,970.5,13.4,7,170.0,75.58,71.12167777777861,4.458322222221383
train,400.0,170.0,0.0,0,0.0,0.0,0.43,879.5,976.8,5.3,90,170.0,74.81,74.32769444444396,0.4823055555560387
train,400.0,185.0,120.0,0,0.0,5.6,0.36,953.0,671.0,7.84,120,160.0,78.13,77.34542222222159,0.7845777777784093
train,541.75,192.5,0.0,0,0.0,8.25,0.36,671.0,1007.0,6.6,3,200.0,38.78,40.602411111110925,-1.8224111111109238
train,116.0,156.0,0.0,280,0.0,4.0,0.39,898.0,1032.0,4.5,1,345.0,25.35,27.837833333333037,-2.487833333333036
train,270.0,180.0,100.0,0,0.0,30.0,0.49,948.0,776.0,15.12,7,200.0,40.66,41.438133333333525,-0.7781333333335283
train,235.0,136.7,235.0,0,0.0,7.05,0.29,676.0,1278.0,0.0,90,116.0,51.78,50.32864444444405,1.4513555555559492
train,338.0,246.7,0.0,0,0.0,6.76,0.73,800.0,1104.0,7.8754,28,305.0,33.27,35.847088888889225,-2.5770888888892216
train,304.9,200.0,0.0,0,0.0,3.1,0.66,924.0,924.0,1.5,28,148.0,36.15,37.95864444444474,-1.808644444444738
train,400.0,185.0,80.0,0,0.0,11.2,0.39,977.0,688.0,7.84,28,80.0,63.25,64.67302951639398,-1.4230295163939815
train,428.26,190.0,77.0,0,0.0,8.74,0.38,646.0,990.0,1.75,28,200.0,51.5,51.514272614237676,-0.014272614237675896
train,450.0,212.0,0.0,0,50.0,0.0,0.42,544.0,1020.0,2.15,56,162.0,39.6,40.48171388888839,-0.8817138888883918
train,264.0,163.0,128.0,0,0.0,8.0,0.42,684.0,1184.0,0.0,56,160.0,44.97,44.57453841710777,0.39546158289223143
train,525.0,196.0,70.0,105,52.5,0.0,0.26,695.0,753.0,7.0,28,202.0,88.25,88.1890111111111,0.060988888888900306
train,384.0,163.0,0.0,0,0.0,16.0,0.42,684.0,1184.0,0.0,7,160.0,52.61,51.69706423280411,0.91293576719589
train,252.0,165.0,45.0,0,0.0,3.0,0.56,863.6616,1043.85771,3.0,7,150.0,29.35,30.629121481481175,-1.279121481481173
train,400.0,163.0,0.0,0,0.0,0.0,0.41,684.0,1184.0,0.0,28,160.0,33.07,41.359183962241445,-8.289183962241445
train,329.0,136.7,141.0,0,0.0,9.87,0.29,676.0,1278.0,0.0,7,116.0,52.18,45.43038888888915,6.749611111110852
train,260.0,162.5,97.78,0,0.0,5.0,0.45,876.63,973.62,7.5,90,170.0,72.02,68.54683333333253,3.473166666667467
train,400.0,185.0,80.0,0,0.0,5.6,0.39,983.0,692.0,7.84,28,160.0,62.09,63.18207737353606,-1.092077373536057
train,422.0,162.0,0.0,0,18.0,10.1,0.37,884.0,981.0,5.78,28,92.0,100.94,96.15566629629717,4.784333703702828
train,80.0,163.0,0.0,312,0.0,8.0,0.42,684.0,1184.0,4.34,91,160.0,56.54,57.56591111111163,-1.0259111111116326
train,414.0,162.0,0.0,0,36.0,0.0,0.36,881.0,979.0,3.94,90,92.0,97.45,94.92838888888794,2.5216111111120654
train,385.0,190.0,0.0,0,0.0,3.9,0.49,739.0,1109.0,0.0,28,228.0,56.5,57.473094444444406,-0.9730944444444063
train,288.0,180.0,100.0,0,0.0,12.0,0.46,948.0,776.0,6.32,7,200.0,36.51,37.510244444443956,-1.0002444444439575
train,390.0,144.3,0.0,0,0.0,23.4,0.37,783.0,1175.0,2.08,3,80.0,43.34,42.67969950617262,0.6603004938273855
train,447.0,180.0,0.0,0,0.0,1.125,0.4,664.0,1180.0,0.0,28,500.0,62.67,62.19242666666621,0.4775733333337939
train,295.5,212.0,0.0,0,0.0,4.5,0.72,716.0,1020.0,0.25,28,162.0,48.51,42.335801851851635,6.174198148148363
train,260.0,146.25,48.75,0,0.0,16.25,0.47,870.9629,1052.682281,5.6875,56,150.0,52.24,52.363855555555354,-0.12385555555535177
train,200.0,180.0,200.0,0,0.0,0.0,0.45,740.0,1014.0,0.5,28,200.0,42.57,43.51649277777759,-0.9464927777775927
train,570.0,212.0,0.0,0,30.0,0.0,0.35,472.0,1020.0,2.16,28,162.0,39.6,45.88353946208074,-6.283539462080739
train,550.0,137.5,0.0,0,0.0,0.0,0.25,732.0,1098.0,6.6,91,200.0,93.11,90.62905555555581,2.480944444444191
train,381.6,200.0,106.0,0,42.4,0.0,0.38,940.0,850.0,5.72,90,200.0,78.89,78.20397777777771,0.6860222222222916
train,384.0,163.0,0.0,0,0.0,16.0,0.42,684.0,1184.0,0.0,56,160.0,62.17,61.137579656083766,1.032420343916236
train,629.0,166.0,0.0,0,33.1,18.87,0.25,842.0,781.0,7.6,3,127.0,93.0,90.60561190476157,2.394388095238426
train,525.0,196.0,70.0,105,0.0,0.0,0.28,695.0,753.0,5.6,7,202.0,64.12,65.11303333333389,-0.9930333333338837
train,445.5,180.0,0.0,0,0.0,3.375,0.4,664.0,1180.0,1.125,7,500.0,51.58,51.54266289682618,0.037337103173818775
train,475.2,193.0,0.0,0,0.0,4.8,0.41,597.0,1109.0,0.0,7,45.0,25.11,22.63473456349202,2.4752654365079785
train,450.0,118.0,0.0,0,23.7,6.75,0.25,602.0,1307.0,5.4,3,127.0,86.1,85.58567777777782,0.5143222222221766
train,541.75,165.0,0.0,0,0.0,8.25,0.3,699.0,1049.0,8.25,7,200.0,59.41,59.79591111111199,-0.3859111111119944
train,630.0,196.0,70.0,0,0.0,0.0,0.28,695.0,753.0,5.6,28,202.0,71.14,72.77529740740697,-1.6352974074069664
train,360.0,212.0,0.0,0,40.0,0.0,0.53,635.0,1020.0,1.32,28,162.0,34.33,34.96110000000048,-0.6311000000004796
train,400.0,185.0,0.0,0,0.0,11.2,0.46,1036.0,730.0,7.84,120,160.0,63.25,61.89137777777754,1.3586222222224578
train,447.75,180.0,0.0,0,0.0,2.25,0.4,492.0,1148.0,0.0,28,160.0,42.28,42.30239465848933,-0.022394658489325536
train,629.0,166.0,0.0,0,33.1,18.87,0.25,842.0,781.0,7.6,28,127.0,110.4,105.41985873015847,4.980141269841539
train,200.0,180.0,200.0,0,0.0,0.0,0.45,740.0,1014.0,0.5,3,200.0,19.31,19.87729137566139,-0.5672913756613909
train,388.0,200.0,0.0,0,0.0,11.64,0.52,693.0,1104.0,15.52,1,305.0,27.13,28.655911111111227,-1.5259111111112276
train,120.0,163.0,84.0,196,0.0,0.0,0.41,684.0,1184.0,1.15,7,160.0,36.31,35.55231888888919,0.7576811111108128
train,285.0,188.1,285.0,0,0.0,0.0,0.33,788.7,788.7,2.28,28,150.0,50.0,47.93993993386249,2.0600600661375097
train,432.63,190.0,77.0,0,0.0,4.37,0.37,646.0,990.0,0.87,28,200.0,47.0,48.017379497354554,-1.017379497354554
train,629.0,166.0,0.0,0,33.1,18.87,0.25,842.0,781.0,7.6,3,127.0,89.4,90.60561190476157,-1.205611904761568
train,235.0,136.7,235.0,0,0.0,7.05,0.29,676.0,1278.0,0.0,56,116.0,48.42,46.88144999999944,1.538550000000562
train,441.0,180.0,0.0,0,0.0,9.0,0.41,492.0,1148.0,0.0,90,560.0,46.83,46.99998703703773,-0.16998703703772833
train,400.0,185.0,0.0,0,0.0,14.0,0.46,1034.0,729.0,7.84,120,80.0,55.5,58.441422222222116,-2.9414222222221156
train,540.0,190.0,160.0,0,0.0,16.2,0.27,512.0,1030.0,5.94,7,205.0,48.68,48.702877777778006,-0.022877777778006703
train,394.0,180.0,0.0,0,0.0,6.0,0.46,948.0,776.0,5.52,91,200.0,66.9,66.23441388888953,0.6655861111104713
train,545.875,137.5,0.0,0,0.0,4.125,0.25,728.0,1092.0,9.9,28,380.0,82.86,83.07817777777807,-0.21817777777806668
train,500.0,212.0,0.0,0,0.0,0.0,0.42,544.0,1020.0,1.32,56,162.0,46.21,44.53004185185145,1.6799581481485504
train,80.0,163.0,0.0,320,0.0,0.0,0.41,684.0,1184.0,2.85,180,160.0,50.36,50.81594444444485,-0.45594444444485305
train,319.2,125.4,57.0,0,0.0,3.8,0.33,874.7892,1057.306941,6.65,3,150.0,45.3,45.19018888888893,0.10981111111106401
train,272.0,157.0,0.0,120,0.0,8.0,0.4,903.0,1039.0,5.0,7,345.0,55.35,53.73477777777734,1.6152222222226627
train,545.875,192.5,0.0,0,0.0,4.125,0.35,674.0,1011.0,4.4,28,200.0,53.01,54.17219194444468,-1.1621919444446789
train,338.0,221.8,0.0,0,0.0,6.76,0.66,800.0,1104.0,8.7204,28,305.0,36.04,37.253611111111546,-1.2136111111115468
train,388.0,200.0,0.0,0,0.0,12.0,0.5,615.0,1205.0,3.0,28,51.4,42.87,42.94418703703702,-0.07418703703702079
train,384.0,163.0,0.0,0,0.0,16.0,0.42,684.0,1184.0,0.0,3,160.0,44.84,43.78304842151662,1.0569515784833854
train,235.0,136.7,235.0,0,0.0,0.0,0.29,676.0,1278.0,0.0,7,116.0,22.38,24.855249999999987,-2.4752499999999884
train,493.0,104.0,0.0,0,25.8,7.395,0.2,602.0,1307.0,9.0,28,127.0,98.6,97.41261111111139,1.1873888888886057
train,400.0,185.0,120.0,0,0.0,1.13,0.36,957.0,674.0,7.84,120,500.0,83.59,78.95537777777659,4.634622222223413
train,364.9,200.0,0.0,0,66.75,13.35,0.46,859.0,872.0,8.01,7,220.0,63.52,60.19711111111042,3.3228888888895867
train,400.0,185.0,0.0,0,0.0,2.24,0.46,1047.0,738.0,7.84,120,500.0,58.64,60.21457777777753,-1.5745777777775274
train,160.0,163.0,232.0,0,0.0,8.0,0.42,684.0,1184.0,0.0,3,160.0,8.5,9.21080098765431,-0.7108009876543093
train,424.0,200.0,106.0,0,0.0,0.0,0.38,940.0,850.0,3.82,7,200.0,47.38,46.79458333333312,0.5854166666668803
train,400.0,185.0,0.0,0,0.0,8.4,0.46,1040.0,732.0,7.84,120,160.0,60.84,62.53012222222144,-1.69012222222144
train,240.0,165.0,45.0,0,0.0,15.0,0.58,859.9597,1039.383351,4.5,7,150.0,32.92,33.85697037036982,-0.9369703703698207
train,475.2,193.0,0.0,0,0.0,4.8,0.41,597.0,1109.0,0.0,7,45.0,21.67,22.63473456349202,-0.9647345634920192
train,591.0,124.0,0.0,0,31.0,8.865,0.2,722.0,1044.0,10.9,28,127.0,104.9,102.57283333333297,2.32716666666704
train,485.0,212.0,0.0,0,0.0,15.0,0.44,544.0,1020.0,0.66,28,162.0,52.18,52.3878723759572,-0.20787237595720143
train,200.0,155.0,139.7,0,0.0,10.0,0.46,873.81,970.49,9.7,7,170.0,34.58,36.871266666667154,-2.2912666666671555
train,240.0,163.0,160.0,0,0.0,0.0,0.41,684.0,1184.0,0.0,56,160.0,37.26,36.7805492857142,0.47945071428579666
train,160.0,163.0,232.0,0,0.0,8.0,0.42,684.0,1184.0,0.0,90,160.0,27.64,27.907265767195717,-0.2672657671957168
train,329.0,136.7,141.0,0,19.74,0.0,0.28,676.0,1278.0,0.0,3,116.0,34.85,32.448694444444094,2.4013055555559077
train,437.0,190.0,77.0,0,0.0,0.0,0.37,646.0,990.0,0.0,28,200.0,45.3,46.4302253086421,-1.1302253086421032
train,443.25,180.0,0.0,0,0.0,6.75,0.41,492.0,1148.0,0.0,28,160.0,42.48,42.657924338624476,-0.17792433862447865
train,400.0,163.0,0.0,0,0.0,0.0,0.41,684.0,1184.0,0.0,7,160.0,20.38,35.04000179894182,-14.660001798941824
train,690.0,145.0,0.0,0,36.3,10.35,0.2,842.0,781.0,12.7,28,127.0,100.3,100.59173333333452,-0.2917333333345198
train,340.6,189.0,0.0,0,0.0,3.4,0.55,924.0,924.0,2.4,28,148.0,53.24,52.629974287317324,0.6100257126826776
train,319.2,189.0,0.0,84,0.0,16.8,0.47,685.0,1134.0,2.5,90,41.0,50.51,50.16788888888886,0.34211111111113723
train,400.0,185.0,80.0,0,0.0,1.13,0.39,988.0,695.0,7.84,120,500.0,64.24,67.81099999999942,-3.5709999999994295
train,393.0,179.0,0.0,0,20.8,2.1,0.43,739.0,1109.0,0.0,28,228.0,81.6,79.1316999999997,2.4683000000002977
train,360.0,215.0,0.0,0,0.0,0.0,0.6,730.0,1095.0,0.0,7,228.0,28.26,28.461227777777477,-0.20122777777747558
train,160.0,163.0,240.0,0,0.0,0.0,0.41,684.0,1184.0,0.0,56,160.0,26.13,26.297814516193693,-0.16781451619369392
train,116.0,156.0,0.0,280,0.0,4.0,0.39,898.0,1032.0,4.5,3,345.0,44.46,43.66658888888849,0.7934111111115101
train,288.0,172.0,0.0,0,0.0,8.64,0.6,771.0,1164.0,1.73,3,228.0,21.52,22.201585185185355,-0.6815851851853552
train,200.0,180.0,0.0,192,8.0,0.0,0.45,771.0,1014.0,1.7,3,200.0,36.34,35.955049999999986,0.38495000000001767
train,315.0,189.0,0.0,84,0.0,21.0,0.47,685.0,1134.0,2.5,7,41.0,27.65,28.953059259259486,-1.3030592592594878
train,545.875,137.5,0.0,0,0.0,4.125,0.25,728.0,1092.0,9.9,7,380.0,68.37,69.10746666666735,-0.7374666666673448
train,400.0,200.0,0.0,0,0.0,0.0,0.5,615.0,1205.0,0.0,7,51.4,29.31,29.593447407407723,-0.28344740740772423
train,392.0,163.0,0.0,0,0.0,8.0,0.42,684.0,1184.0,0.0,3,160.0,36.43,36.46789761904779,-0.03789761904778999
train,235.0,136.7,235.0,0,14.1,0.0,0.28,676.0,1278.0,0.0,3,116.0,21.98,21.854370555555384,0.1256294444446162
train,591.0,124.0,0.0,0,31.0,17.73,0.2,722.0,1044.0,10.9,28,127.0,97.0,98.42276666666643,-1.4227666666664334
train,415.15,190.0,77.0,0,0.0,21.85,0.39,646.0,990.0,4.35,28,200.0,47.4,50.02645595238144,-2.6264559523814413
train,400.0,212.0,0.0,0,0.0,0.0,0.53,635.0,1020.0,0.0,56,162.0,32.67,33.93150888888833,-1.2615088888883292
train,300.0,180.0,100.0,0,0.0,0.0,0.45,948.0,776.0,1.72,91,200.0,51.91,52.5658644444451,-0.6558644444451005
train,540.0,120.0,0.0,0,0.0,60.0,0.22,932.0,748.0,9.0,7,54.0,82.31,81.34799999999959,0.9620000000004154
train,570.0,188.1,0.0,0,0.0,0.0,0.33,835.5,835.5,3.42,28,150.0,65.7,66.21722370370308,-0.5172237037030811
train,285.0,212.0,0.0,0,15.0,0.0,0.71,716.0,1020.0,0.0,56,162.0,32.67,32.3631518518513,0.30684814814870265
train,443.25,180.0,0.0,0,0.0,6.75,0.41,640.0,1180.0,0.0,365,200.0,52.0,51.57139444444445,0.42860555555554924
train,591.0,124.0,0.0,0,31.0,8.865,0.2,722.0,1044.0,10.9,7,127.0,88.3,87.89711666666773,0.40288333333226944
train,591.0,124.0,0.0,0,31.0,17.73,0.2,722.0,1044.0,10.9,3,127.0,76.4,78.19761111111141,-1.797611111111408
train,344.75,210.0,0.0,0,0.0,5.25,0.6,610.0,1210.0,2.625,7,250.0,28.42,28.144551851851567,0.27544814814843477
train,282.0,136.7,188.0,0,0.0,0.0,0.29,676.0,1278.0,0.0,3,116.0,20.59,21.33762095238104,-0.7476209523810411
train,448.0,180.0,0.0,0,0.0,0.0,0.4,664.0,1180.0,0.0,7,51.4,40.99,41.768494708994965,-0.7784947089949625
train,345.0,213.9,0.0,0,0.0,0.0,0.62,800.0,1104.0,0.0,28,305.0,28.22,29.4669555555557,-1.2469555555557008
train,200.0,180.0,0.0,192,8.0,0.0,0.45,771.0,1014.0,1.7,7,200.0,50.0,46.85740185185181,3.1425981481481884
train,400.0,163.0,0.0,0,0.0,0.0,0.41,684.0,1184.0,0.0,28,160.0,56.27,41.359183962241445,14.910816037758558
train,540.0,190.0,160.0,0,0.0,0.0,0.27,512.0,1030.0,5.94,7,205.0,39.97,43.64734444444472,-3.6773444444447208
train,200.0,170.0,139.7,0,0.0,0.0,0.5,879.45,976.75,2.93,90,170.0,51.04,52.15893563492111,-1.1189356349211081
train,400.0,185.0,0.0,0,0.0,8.4,0.46,1040.0,732.0,7.84,28,160.0,48.14,51.04165888888859,-2.9016588888885906
train,443.2,180.0,0.0,0,0.0,5.625,0.4,664.0,1180.0,1.575,28,500.0,67.13,67.05012861111041,0.07987138888958611
train,282.0,136.7,188.0,0,0.0,8.46,0.29,676.0,1278.0,0.0,7,116.0,33.37,32.071499074074,1.2985009259259996
train,320.0,180.0,60.0,0,0.0,20.0,0.47,948.0,776.0,9.32,91,200.0,64.26,64.00583333333375,0.25416666666625076
train,288.0,172.0,0.0,0,0.0,2.88,0.6,775.0,1164.0,1.15,7,228.0,29.67,29.210581018518138,0.4594189814818641
train,350.0,117.15,0.0,0,0.0,5.0,0.33,906.0,1103.0,3.55,28,250.0,50.59,53.72578803418736,-3.1357880341873567
train,360.5,183.0,0.0,0,0.0,5.5,0.51,922.0,922.0,5.5,7,148.0,51.08,49.344066666667295,1.735933333332703
train,380.0,185.0,0.0,0,0.0,3.42,0.49,825.0,936.0,6.7,7,200.0,51.49,51.52878888888875,-0.03878888888874599
train,200.0,180.0,0.0,192,8.0,0.0,0.45,771.0,1014.0,1.7,28,200.0,67.72,65.41688796296373,2.3031120370362714
train,400.0,163.0,0.0,0,0.0,0.0,0.41,684.0,1184.0,0.0,3,160.0,46.54,31.25800583333369,15.281994166666308
train,112.0,156.0,0.0,280,0.0,8.0,0.4,898.0,1031.0,4.75,7,345.0,53.66,52.34484444444492,1.31515555555508
train,200.0,180.0,0.0,192,0.0,8.0,0.46,771.0,1014.0,4.0,91,200.0,70.4,68.16801111111182,2.231988888888182
train,346.5,210.0,0.0,0,0.0,3.5,0.6,610.0,1210.0,1.75,7,250.0,27.03,26.705806944444376,0.32419305555562516
train,394.0,200.0,0.0,0,0.0,6.0,0.5,615.0,1205.0,4.0,7,500.0,39.21,39.02447888888843,0.18552111111156933
train,272.0,157.0,0.0,120,0.0,8.0,0.4,903.0,1039.0,5.0,3,345.0,40.89,41.67492222222191,-0.7849222222219083
train,350.0,210.0,0.0,0,0.0,0.0,0.6,610.0,1210.0,0.0,7,500.0,20.3,21.554550264549984,-1.2545502645499838
train,400.0,200.0,0.0,0,0.0,0.0,0.5,615.0,1205.0,0.0,7,250.0,29.31,30.33706645502677,-1.0270664550267696
train,540.0,190.0,160.0,0,0.0,10.8,0.27,512.0,1030.0,5.94,28,205.0,73.22,72.44052777777826,0.7794722222217416
train,541.75,165.0,0.0,0,0.0,8.25,0.3,699.0,1049.0,8.25,91,380.0,69.99,69.83788888888856,0.15211111111143794
train,264.0,163.0,128.0,0,0.0,8.0,0.42,684.0,1184.0,0.0,28,160.0,37.78,37.92742724867714,-0.14742724867713974
train,392.0,163.0,0.0,0,0.0,8.0,0.42,684.0,1184.0,0.0,7,160.0,51.19,48.14217910052915,3.0478208994708496
train,400.0,155.0,0.0,0,0.0,10.0,0.39,873.8,970.5,13.4,28,170.0,82.43,79.9793982804232,2.4506017195768095
train,423.89,190.0,77.0,0,0.0,13.11,0.38,646.0,990.0,2.61,28,200.0,52.3,51.90200845238127,0.3979915476187301
train,319.2,125.4,57.0,0,0.0,3.8,0.33,874.7892,1057.306941,6.65,7,150.0,56.0,54.55943333333332,1.4405666666666832
train,541.75,192.5,0.0,0,0.0,8.25,0.36,671.0,1007.0,6.6,91,380.0,64.56,64.96479999999966,-0.40479999999965344
train,400.0,163.0,0.0,0,0.0,0.0,0.41,684.0,1184.0,0.0,91,160.0,62.14,57.81550960317421,4.324490396825787
train,120.0,163.0,84.0,196,0.0,0.0,0.41,684.0,1184.0,1.15,28,160.0,49.98,48.18530388888918,1.7946961111108166
train,331.8,189.0,0.0,84,0.0,4.2,0.45,685.0,1134.0,2.5,28,41.0,36.78,38.57310009259237,-1.7931000925923684
train,389.0,192.0,0.0,0,0.0,0.0,0.49,739.0,1109.0,0.0,28,228.0,47.8,49.790709629629745,-1.9907096296297482
train,447.75,180.0,0.0,0,0.0,2.25,0.4,492.0,1148.0,0.0,7,560.0,28.91,29.56299603174607,-0.6529960317460706
train,541.75,137.5,0.0,0,0.0,8.25,0.25,725.0,1087.0,12.65,3,200.0,62.72,60.91804444444474,1.80195555555526
train,441.0,198.0,0.0,0,0.0,9.0,0.45,1000.0,750.0,8.1,28,202.0,53.86,53.23982629629665,0.620173703703351
train,200.0,180.0,192.0,0,8.0,0.0,0.45,739.0,1014.0,0.6,3,200.0,20.2,21.06008793650813,-0.8600879365081298
train,235.0,136.7,235.0,0,14.1,0.0,0.28,676.0,1278.0,0.0,56,116.0,46.93,45.861211111111366,1.0687888888886334
train,262.2,188.1,285.0,0,0.0,22.8,0.34,771.4,771.4,12.83,28,150.0,63.8,62.70268790925184,1.0973120907481544
train,329.0,136.7,141.0,0,19.74,0.0,0.28,676.0,1278.0,0.0,28,116.0,52.18,53.24785555555585,-1.0678555555558518
train,418.3,200.0,0.0,0,0.0,26.7,0.48,859.0,872.0,11.125,7,220.0,58.19,58.00747777777799,0.18252222222200487
train,570.0,120.0,0.0,0,0.0,30.0,0.21,932.0,748.0,9.0,28,54.0,114.28,111.16903333333256,3.110966666667437
train,308.0,200.0,0.0,0,0.0,0.0,0.65,924.0,924.0,1.5,7,148.0,30.0,31.391766666666772,-1.391766666666772
train,400.0,163.0,0.0,0,0.0,0.0,0.41,684.0,1184.0,0.0,28,160.0,33.3,41.359183962241445,-8.059183962241448
train,392.0,200.0,0.0,0,0.0,8.0,0.5,615.0,1205.0,4.0,28,250.0,47.82,47.1985666666664,0.6214333333335986
train,394.0,212.0,0.0,0,0.0,6.0,0.54,635.0,1020.0,0.28,28,162.0,49.5,50.360993849206274,-0.8609938492062739
train,400.0,185.0,40.0,0,0.0,14.0,0.42,1004.0,707.0,7.84,120,80.0,63.0,65.8073555555557,-2.807355555555702
train,120.0,163.0,78.0,190,0.0,12.0,0.42,684.0,1184.0,4.11,365,160.0,73.61,70.73205555555552,2.8779444444444806
train,112.0,156.0,0.0,280,0.0,8.0,0.4,898.0,1031.0,4.75,3,345.0,42.87,42.86579999999995,0.004200000000047055
train,545.875,137.5,0.0,0,0.0,4.125,0.25,728.0,1092.0,9.9,3,380.0,55.55,56.09386666666703,-0.5438666666670358
train,282.0,136.7,188.0,0,0.0,8.46,0.29,676.0,1278.0,0.0,3,116.0,24.65,24.29422656084669,0.3557734391533103
train,315.0,210.0,0.0,0,0.0,35.0,0.6,610.0,1210.0,7.875,28,51.4,30.99,33.78887777777817,-2.79887777777817
train,282.0,136.7,188.0,0,0.0,0.0,0.29,676.0,1278.0,0.0,90,116.0,49.6,50.86473809523773,-1.2647380952377318
train,493.0,104.0,0.0,0,25.8,14.79,0.2,602.0,1307.0,9.0,28,127.0,92.4,94.16654444444416,-1.7665444444441505
train,320.0,170.0,55.87,0,0.0,0.0,0.45,879.45,976.75,4.39,7,170.0,50.31,46.11261111111108,4.1973888888889235
train,550.0,137.5,0.0,0,0.0,0.0,0.25,732.0,1098.0,6.6,3,200.0,58.28,58.44945555555503,-0.16945555555503233
train,142.5,188.1,427.5,0,0.0,0.0,0.33,765.4,765.3,1.71,28,150.0,29.8,35.253607777777454,-5.453607777777453
train,340.0,180.0,60.0,0,0.0,0.0,0.45,948.0,776.0,1.72,28,200.0,50.19,51.094407407407516,-0.9044074074075183
train,420.0,160.0,0.0,0,0.0,0.0,0.38,728.0,1092.0,0.0,3,92.0,33.46,34.16933555555512,-0.7093355555551213
train,380.0,185.0,0.0,0,0.0,1.14,0.49,825.0,948.0,5.6,91,200.0,62.81,63.64711111111074,-0.8371111111107368
train,200.0,180.0,0.0,200,0.0,0.0,0.45,774.0,1014.0,1.4,91,200.0,68.61,66.7337935185191,1.8762064814809065
train,475.2,192.0,0.0,0,0.0,4.8,0.4,597.0,1109.0,2.2,28,45.0,36.97,39.51543636291718,-2.5454363629171795
train,443.2,180.0,0.0,0,0.0,5.625,0.4,664.0,1180.0,1.575,28,51.4,58.22,58.10345169191965,0.11654830808034689
train,400.0,185.0,120.0,0,0.0,5.6,0.36,953.0,671.0,7.84,28,80.0,67.38,68.35777727072234,-0.977777270722342
train,350.0,210.0,0.0,0,0.0,0.0,0.6,610.0,1210.0,0.0,7,51.4,20.3,20.92643785714257,-0.6264378571425695
train,418.3,200.0,0.0,0,26.7,0.0,0.45,859.0,872.0,4.005,7,220.0,54.6,52.13024814814754,2.4697518518524646
train,288.0,172.0,0.0,0,0.0,7.2,0.6,772.0,1164.0,1.73,3,228.0,21.92,22.084588888888806,-0.16458888888880452
train,555.0,120.0,0.0,0,0.0,45.0,0.22,932.0,748.0,9.0,28,54.0,124.88,116.62541111111146,8.254588888888534
train,264.0,163.0,128.0,0,0.0,8.0,0.42,684.0,1184.0,0.0,28,160.0,37.78,37.92742724867714,-0.14742724867713974
train,300.0,180.0,100.0,0,0.0,0.0,0.45,948.0,776.0,1.72,7,200.0,33.35,33.99720555555527,-0.6472055555552672
train,348.25,210.0,0.0,0,0.0,1.75,0.6,610.0,1210.0,0.0,28,51.4,28.61,28.872581481481628,-0.26258148148162874
train,400.0,185.0,80.0,0,0.0,2.8,0.39,986.0,695.0,7.84,120,160.0,79.53,76.6102111111105,2.9197888888894994
train,160.0,163.0,232.0,0,0.0,8.0,0.42,684.0,1184.0,0.0,7,160.0,15.45,16.588298165784874,-1.1382981657848745
train,445.5,180.0,0.0,0,0.0,3.375,0.4,664.0,1180.0,1.125,7,51.4,43.66,43.90203796296343,-0.24203796296343683
train,360.4,200.0,106.0,0,63.6,0.0,0.38,940.0,850.0,6.36,90,200.0,76.11,76.29097777777821,-0.18097777777821022
train,585.0,120.0,0.0,0,0.0,15.0,0.21,932.0,748.0,9.0,3,54.0,54.2,55.81048888888845,-1.6104888888884474
train,396.0,200.0,0.0,0,0.0,4.0,0.5,615.0,1205.0,1.0,28,51.4,38.51,38.532609251242214,-0.022609251242215578
train,270.0,212.0,0.0,0,30.0,0.0,0.71,716.0,1020.0,0.0,28,162.0,30.69,31.25405826719544,-0.5640582671954384
train,338.0,246.7,0.0,0,0.0,6.76,0.73,800.0,1104.0,7.8754,2,305.0,19.6,19.756911111111137,-0.15691111111113543
train,448.0,180.0,0.0,0,0.0,0.0,0.4,664.0,1180.0,0.0,28,51.4,54.36,54.328431216931584,0.031568783068415485
train,394.0,180.0,0.0,0,0.0,6.0,0.46,948.0,776.0,5.52,28,200.0,59.21,57.62455240740689,1.5854475925931126
train,348.25,210.0,0.0,0,0.0,1.75,0.6,610.0,1210.0,0.875,28,250.0,31.98,31.67439722222206,0.305602777777942
train,541.75,165.0,0.0,0,0.0,8.25,0.3,699.0,1049.0,8.25,28,200.0,71.61,69.22541301587337,2.384586984126628
train,384.0,163.0,0.0,0,0.0,16.0,0.42,684.0,1184.0,0.0,3,160.0,44.86,43.78304842151662,1.0769515784833814
train,348.25,210.0,0.0,0,0.0,1.75,0.6,610.0,1210.0,0.0,7,51.4,22.67,22.649298412698155,0.020701587301847013
train,360.5,183.0,0.0,0,0.0,5.5,0.51,922.0,922.0,5.5,28,148.0,56.63,56.0418675308637,0.5881324691363048
train,541.75,192.5,0.0,0,0.0,8.25,0.36,671.0,1007.0,6.6,7,380.0,48.68,48.47784814814833,0.20215185185166717
train,400.0,133.65,0.0,0,0.0,5.0,0.33,866.0,1055.0,4.05,28,250.0,57.33,60.02228000000085,-2.6922800000008493
train,400.0,162.5,0.0,0,0.0,5.0,0.41,876.7,973.6,9.4,90,170.0,85.23,82.82660000000045,2.40339999999955
train,362.3,183.0,0.0,0,0.0,3.7,0.51,922.0,922.0,3.1,7,148.0,46.36,46.994717989418284,-0.6347179894182844
train,392.0,163.0,0.0,0,0.0,8.0,0.42,684.0,1184.0,0.0,56,160.0,59.06,59.53103142857132,-0.4710314285713153
train,400.0,185.0,120.0,0,0.0,14.0,0.36,943.0,664.0,7.84,120,80.0,79.97,81.13997777777817,-1.169977777778172
train,493.0,104.0,0.0,0,25.8,14.79,0.2,602.0,1307.0,9.0,3,127.0,73.9,75.88915555555596,-1.9891555555559535
train,160.0,163.0,240.0,0,0.0,0.0,0.41,684.0,1184.0,0.0,90,160.0,28.31,27.973260216049365,0.33673978395063386
train,400.0,200.0,0.0,0,0.0,0.0,0.5,615.0,1205.0,0.0,28,500.0,36.34,36.891360582010684,-0.5513605820106804
train,388.0,212.0,0.0,0,0.0,12.0,0.55,635.0,1020.0,0.28,28,162.0,53.17,53.456667385361214,-0.2866673853612127
train,288.0,180.0,100.0,0,0.0,12.0,0.46,948.0,776.0,6.32,91,200.0,59.6,60.11588888888845,-0.5158888888884476
train,445.5,180.0,0.0,0,0.0,4.5,0.4,492.0,1148.0,0.0,7,160.0,32.77,32.372835309844824,0.3971646901551793
train,288.0,172.0,0.0,0,0.0,7.2,0.6,772.0,1164.0,1.73,28,228.0,40.44,39.81066666666662,0.6293333333333777
train,540.0,190.0,160.0,0,0.0,5.4,0.27,512.0,1030.0,5.94,7,205.0,46.89,46.88677777777762,0.003222222222383664
train,338.8,189.0,0.0,0,0.0,5.2,0.56,924.0,924.0,2.4,28,148.0,51.84,52.43523135802412,-0.5952313580241153
train,525.0,196.0,70.0,105,26.25,0.0,0.27,695.0,753.0,7.0,28,202.0,79.27,82.59527777777734,-3.3252777777773446
train,276.0,157.0,0.0,120,0.0,4.0,0.4,904.0,1039.0,4.0,3,345.0,42.57,39.591188888888674,2.9788111111113267
train,436.5,180.0,0.0,0,0.0,9.0,0.4,664.0,1180.0,3.375,7,51.4,48.51,48.33197981481492,0.17802018518507623
train,541.75,137.5,0.0,0,0.0,8.25,0.25,725.0,1087.0,12.65,3,380.0,52.5,55.925833333333486,-3.425833333333486
train,280.0,157.0,0.0,120,0.0,0.0,0.39,905.0,1040.0,3.5,7,345.0,55.05,50.04508888888906,5.0049111111109355
train,411.6,160.0,0.0,0,0.0,8.4,0.39,728.0,1092.0,0.0,28,92.0,60.35,58.36788333333291,1.982116666667089
train,550.0,137.5,0.0,0,0.0,0.0,0.25,732.0,1098.0,6.6,7,200.0,70.91,70.80751111111206,0.10248888888793317
train,545.875,192.5,0.0,0,0.0,4.125,0.35,674.0,1011.0,4.4,3,380.0,36.92,34.98680925925871,1.9331907407412885
train,525.0,196.0,70.0,105,0.0,0.0,0.28,695.0,753.0,5.6,28,202.0,76.52,77.25726222222156,-0.7372622222215597
train,350.0,210.0,0.0,0,0.0,0.0,0.6,610.0,1210.0,0.0,28,250.0,26.73,27.759158333333033,-1.029158333333033
train,120.0,156.0,0.0,280,0.0,0.0,0.39,898.0,1032.0,4.5,28,345.0,71.09,66.22530420875357,4.864695791246433
train,541.75,137.5,0.0,0,0.0,8.25,0.25,725.0,1087.0,12.65,91,380.0,91.83,89.96926666666756,1.8607333333324334
train,582.0,212.0,0.0,0,0.0,18.0,0.36,472.0,1020.0,1.2,56,162.0,57.43,57.05565425925932,0.3743457407406794
train,339.5,210.0,0.0,0,0.0,10.5,0.6,610.0,1210.0,5.25,7,250.0,30.0,29.996208333333414,0.0037916666665864796
train,240.0,163.0,160.0,0,0.0,0.0,0.41,684.0,1184.0,0.0,56,160.0,37.18,36.7805492857142,0.39945071428579837
train,399.0,160.0,0.0,0,0.0,21.0,0.4,728.0,1092.0,0.0,14,92.0,40.93,43.197007407407604,-2.267007407407604
train,400.0,185.0,80.0,0,0.0,11.2,0.39,977.0,688.0,7.84,120,80.0,85.16,82.80708888889009,2.352911111109904
train,690.0,145.0,0.0,0,36.3,20.7,0.2,842.0,781.0,12.7,28,127.0,96.6,98.65730000000069,-2.0573000000006942
train,384.0,163.0,0.0,0,0.0,16.0,0.42,684.0,1184.0,0.0,90,160.0,62.35,62.04540333333249,0.30459666666751417
train,570.0,120.0,0.0,0,0.0,30.0,0.21,932.0,748.0,9.0,3,54.0,55.85,57.004733333332815,-1.154733333332814
train,541.75,192.5,0.0,0,0.0,8.25,0.36,671.0,1007.0,6.6,3,380.0,38.99,39.95053333333353,-0.9605333333335295
train,323.0,125.4,57.0,0,0.0,0.0,0.33,876.5009,1059.375726,5.7,3,150.0,43.53,43.69175555555523,-0.16175555555523147
train,294.0,180.0,100.0,0,0.0,6.0,0.46,948.0,776.0,3.8,7,200.0,31.18,33.05947777777788,-1.879477777777879
train,266.5,146.25,48.75,0,0.0,9.75,0.46,872.9681,1055.105892,4.875,56,150.0,58.09,56.425964444443565,1.6640355555564383
train,200.0,180.0,192.0,0,0.0,8.0,0.46,739.0,1014.0,3.4,91,200.0,58.71,55.972687962962546,2.737312037037455
train,392.0,163.0,0.0,0,0.0,8.0,0.42,684.0,1184.0,0.0,28,160.0,58.11,56.87363296296321,1.2363670370367927
train,436.5,180.0,0.0,0,0.0,13.5,0.41,640.0,1180.0,0.0,90,200.0,53.0,51.17382222222232,1.82617777777768
train,443.25,180.0,0.0,0,0.0,6.75,0.41,492.0,1148.0,0.0,7,560.0,31.49,31.029849444444906,0.4601505555550922
train,380.0,200.0,0.0,0,0.0,20.0,0.5,615.0,1205.0,5.0,7,51.4,36.34,37.46823333333335,-1.1282333333333483
train,419.8,200.0,106.0,0,0.0,4.2,0.38,940.0,850.0,4.77,28,200.0,72.69,72.63496444444517,0.055035555554823645
train,131.1,188.1,427.5,0,0.0,11.4,0.34,760.1,760.1,4.28,28,150.0,39.0,41.656532222222246,-2.6565322222222463
train,414.0,162.0,0.0,0,36.0,0.0,0.36,881.0,979.0,3.94,28,92.0,95.38,93.36477777777762,2.015222222222377
train,345.0,221.8,0.0,0,0.0,0.0,0.64,800.0,1104.0,0.0,2,305.0,11.88,11.308098148148053,0.5719018518519476
train,160.0,163.0,240.0,0,0.0,0.0,0.41,684.0,1184.0,0.0,3,160.0,4.75,5.65581322751318,-0.90581322751318
train,600.0,212.0,0.0,0,0.0,0.0,0.35,472.0,1020.0,1.36,56,162.0,38.12,39.410555873385896,-1.2905558733858982
train,545.875,192.5,0.0,0,0.0,4.125,0.35,674.0,1011.0,4.4,7,200.0,44.55,44.801491203703634,-0.25149120370363676
train,120.0,156.0,0.0,280,0.0,0.0,0.39,898.0,1032.0,4.5,1,345.0,25.25,27.790566666666603,-2.540566666666603
train,419.52,190.0,77.0,0,0.0,17.48,0.38,646.0,990.0,3.5,28,200.0,51.7,51.60213280423266,0.09786719576734271
train,319.2,189.0,0.0,84,0.0,16.8,0.47,685.0,1134.0,2.5,7,41.0,28.78,29.165344444444358,-0.3853444444443568
train,288.0,172.0,0.0,0,0.0,7.2,0.6,772.0,1164.0,1.73,7,228.0,31.57,31.231274999999698,0.33872500000030215
train,400.0,200.0,0.0,0,0.0,0.0,0.5,693.0,1104.0,0.8,2,305.0,20.2,21.751855185185377,-1.551855185185378
train,332.5,210.0,0.0,0,0.0,17.5,0.6,610.0,1210.0,4.375,28,51.4,35.64,36.53434462962943,-0.8943446296294297
train,338.0,221.8,0.0,0,0.0,6.76,0.66,800.0,1104.0,8.7204,1,305.0,15.35,16.35922222222235,-1.0092222222223501
train,485.0,212.0,0.0,0,0.0,15.0,0.44,544.0,1020.0,0.66,56,162.0,52.97,54.00563317460316,-1.0356331746031628
train,448.0,180.0,0.0,0,0.0,0.0,0.4,664.0,1180.0,0.0,7,500.0,48.22,46.829911111111414,1.3900888888885845
train,304.0,125.4,57.0,0,0.0,19.0,0.35,870.1,1051.63942,8.55,28,150.0,61.48,62.91369546877568,-1.4336954687756815
train,400.0,170.0,0.0,0,0.0,0.0,0.43,879.5,976.8,5.3,7,170.0,60.35,57.65241962962904,2.6975803703709644
train,380.0,185.0,0.0,0,0.0,0.0,0.49,825.0,960.0,2.6,1,200.0,24.19,25.682732407407247,-1.4927324074072459
train,444.3,180.0,0.0,0,0.0,4.5,0.4,664.0,1180.0,1.35,7,51.4,42.97,43.743900925926354,-0.7739009259263554
train,366.0,183.0,0.0,0,0.0,0.0,0.5,922.0,922.0,1.8,7,148.0,47.47,46.26698629629668,1.20301370370332
train,360.0,212.0,0.0,0,40.0,0.0,0.53,635.0,1020.0,1.32,56,162.0,37.62,36.77263796296291,0.8473620370370867
train,266.5,146.25,48.75,0,0.0,9.75,0.46,872.9681,1055.105892,4.875,3,150.0,33.74,34.39984444444485,-0.6598444444448504
train,394.0,180.0,0.0,0,0.0,6.0,0.46,948.0,776.0,5.52,7,200.0,50.21,49.443677777777246,0.7663222222227546
train,264.0,163.0,128.0,0,0.0,8.0,0.42,684.0,1184.0,0.0,56,160.0,44.79,44.57453841710777,0.21546158289223172
train,390.0,156.0,0.0,0,0.0,0.0,0.4,789.0,1184.0,1.4,7,80.0,56.23,51.077147407407836,5.152852592592161
train,304.0,125.4,57.0,0,0.0,19.0,0.35,870.1,1051.63942,8.55,7,150.0,55.0,54.421055555555675,0.5789444444443248
train,80.0,163.0,0.0,320,0.0,0.0,0.41,684.0,1184.0,2.85,7,160.0,32.94,34.7584874074071,-1.8184874074071047
train,343.0,210.0,0.0,0,0.0,7.0,0.6,610.0,1210.0,3.5,28,250.0,36.83,36.811213888889334,0.018786111110664194
train,400.0,180.0,0.0,0,0.0,0.0,0.45,948.0,776.0,1.92,91,200.0,62.54,61.246841111111635,1.2931588888883638
train,445.0,200.0,0.0,0,0.0,0.0,0.45,859.0,872.0,1.35,7,220.0,41.85,43.33173703703655,-1.4817370370365452
train,400.0,185.0,80.0,0,0.0,1.13,0.39,988.0,695.0,7.84,28,500.0,61.85,59.823711111110434,2.0262888888895674
train,282.0,136.7,188.0,0,16.92,0.0,0.28,676.0,1278.0,0.0,3,116.0,23.47,23.329713280423263,0.14028671957673566
train,200.0,180.0,0.0,200,0.0,0.0,0.45,774.0,1014.0,1.4,7,200.0,47.62,45.17755000000006,2.442449999999937
train,400.0,163.0,0.0,0,0.0,0.0,0.41,684.0,1184.0,0.0,3,160.0,15.33,31.25800583333369,-15.92800583333369
train,446.625,180.0,0.0,0,0.0,3.375,0.4,640.0,1180.0,0.0,90,200.0,47.5,47.75475888888888,-0.25475888888887965
train,445.0,200.0,0.0,0,0.0,0.0,0.45,859.0,872.0,1.35,28,220.0,48.38,53.2558703703701,-4.8758703703700945
train,443.25,180.0,0.0,0,0.0,6.75,0.41,492.0,1148.0,0.0,90,560.0,51.88,50.12968888888883,1.7503111111111735
train,400.0,185.0,80.0,0,0.0,14.0,0.39,973.0,686.0,7.84,120,80.0,77.42,79.06415555555515,-1.6441555555551446
train,396.0,200.0,0.0,0,0.0,3.96,0.51,693.0,1104.0,5.346,1,305.0,17.92,21.434366666666484,-3.514366666666483
train,404.95,200.0,0.0,0,40.05,0.0,0.45,859.0,872.0,5.785,7,220.0,56.72,57.08782500000024,-0.3678250000002379
train,450.0,118.0,0.0,0,23.7,6.75,0.25,602.0,1307.0,5.4,7,127.0,97.5,94.15879012345697,3.341209876543033
train,350.0,187.0,0.0,0,0.0,0.0,0.53,1063.0,735.0,0.0,91,478.0,48.91,51.183176543210585,-2.273176543210589
train,443.25,180.0,0.0,0,0.0,6.75,0.41,492.0,1148.0,0.0,90,160.0,47.23,47.05854444444488,0.17145555555512004
train,400.0,185.0,160.0,0,0.0,0.0,0.33,929.0,654.0,7.84,28,80.0,80.24,76.3592222222221,3.880777777777894
train,264.0,163.0,128.0,0,0.0,8.0,0.42,684.0,1184.0,0.0,90,160.0,44.86,45.50368498677286,-0.6436849867728611
train,200.0,162.5,139.7,0,0.0,5.0,0.48,876.63,973.62,5.65,7,170.0,29.59,33.730366666666804,-4.140366666666804
train,388.0,200.0,0.0,0,0.0,11.64,0.52,693.0,1104.0,15.52,7,305.0,53.76,49.28617777777771,4.473822222222289
train,328.0,180.0,60.0,0,0.0,12.0,0.46,948.0,776.0,6.4,7,200.0,38.71,39.58589999999956,-0.8758999999995609
train,475.0,212.0,0.0,0,25.0,0.0,0.42,544.0,1020.0,1.45,56,162.0,44.55,42.935416944444334,1.6145830555556628
train,380.0,180.0,0.0,0,0.0,20.0,0.47,948.0,776.0,9.12,3,200.0,39.18,40.22915925925936,-1.049159259259362
train,360.4,200.0,106.0,0,63.6,0.0,0.38,940.0,850.0,6.36,7,200.0,52.48,54.01892222222266,-1.5389222222226664
train,388.0,180.0,0.0,0,0.0,12.0,0.46,948.0,776.0,6.68,7,200.0,50.21,49.277688888888335,0.932311111111666
train,398.0,200.0,0.0,0,0.0,1.99,0.5,693.0,1104.0,3.184,28,305.0,49.21,47.36295037037001,1.8470496296299928
train,366.0,189.0,0.0,0,19.4,3.9,0.49,739.0,1109.0,0.0,28,228.0,76.8,70.71013333333421,6.089866666665785
train,288.0,172.0,0.0,0,0.0,2.88,0.6,775.0,1164.0,1.15,28,228.0,37.92,37.9982333333326,-0.07823333333259797
train,350.0,187.0,0.0,0,0.0,0.0,0.53,1063.0,735.0,0.0,7,478.0,26.73,30.47688888888864,-3.746888888888641
train,200.0,180.0,192.0,0,0.0,8.0,0.46,739.0,1014.0,3.4,28,200.0,48.22,48.136346296296615,0.08365370370338354
train,400.0,185.0,0.0,0,0.0,11.2,0.46,1038.0,731.0,7.84,28,80.0,54.59,54.862997777777245,-0.2729977777772419
train,555.0,120.0,0.0,0,0.0,45.0,0.22,932.0,748.0,9.0,7,54.0,80.12,80.4514111111115,-0.3314111111114926
train,280.0,180.0,100.0,0,0.0,20.0,0.47,948.0,776.0,8.92,7,200.0,39.87,40.01849999999991,-0.14849999999991326
train,339.5,210.0,0.0,0,0.0,10.5,0.6,610.0,1210.0,5.25,28,250.0,37.23,36.79852222222203,0.4314777777779639
train,240.0,163.0,160.0,0,0.0,0.0,0.41,684.0,1184.0,0.0,3,160.0,16.04,16.27873620370371,-0.2387362037037093
train,415.5,200.0,106.0,0,0.0,8.5,0.38,940.0,850.0,5.72,90,200.0,80.91,79.5814666666677,1.3285333333323024
train,629.0,166.0,0.0,0,33.1,18.87,0.25,842.0,781.0,7.6,7,127.0,102.5,99.28035476190502,3.2196452380949836
train,370.0,180.0,0.0,0,0.0,30.0,0.49,948.0,776.0,12.36,91,200.0,64.0,63.94443333333322,0.055566666666777564
train,328.1,192.0,0.0,0,14.0,7.9,0.56,886.0,984.0,3.74,28,92.0,56.98,56.733912345679514,0.2460876543204833
train,120.0,163.0,78.0,190,0.0,12.0,0.42,684.0,1184.0,4.11,91,160.0,68.2,66.92726666666601,1.2727333333339885
train,558.6,188.1,0.0,0,0.0,11.4,0.34,825.2,825.2,9.98,28,150.0,71.0,71.48567933862441,-0.4856793386244078
train,541.75,165.0,0.0,0,0.0,8.25,0.3,699.0,1049.0,8.25,28,380.0,62.25,64.47118801587312,-2.2211880158731248
train,591.0,212.0,0.0,0,0.0,9.0,0.36,472.0,1020.0,1.2,28,162.0,57.43,54.90584360630093,2.524156393699073
train,400.0,185.0,80.0,0,0.0,1.68,0.39,987.0,695.0,7.84,28,500.0,52.49,56.1666444444441,-3.6766444444441007
train,339.5,210.0,0.0,0,0.0,10.5,0.6,610.0,1210.0,2.625,28,51.4,35.45,35.69858240740766,-0.24858240740766036
train,344.0,189.0,0.0,0,0.0,0.0,0.55,924.0,924.0,2.4,28,148.0,48.75,49.881771509539675,-1.131771509539675
train,306.5,200.0,0.0,0,0.0,1.5,0.65,924.0,924.0,1.5,7,148.0,34.47,33.485222222222525,0.9847777777774738
train,260.0,170.0,97.78,0,0.0,0.0,0.48,879.45,976.75,4.18,90,170.0,67.8,64.42818888888957,3.371811111110432
train,431.65,200.0,0.0,0,0.0,13.35,0.46,859.0,872.0,7.16,7,220.0,50.61,52.97170000000027,-2.361700000000269
train,288.0,172.0,0.0,0,0.0,5.76,0.6,773.0,1164.0,1.44,28,228.0,39.32,39.36143333333307,-0.041433333333067424
train,388.0,212.0,0.0,0,0.0,12.0,0.55,635.0,1020.0,0.28,28,162.0,52.48,53.456667385361214,-0.9766673853612176
train,400.0,185.0,0.0,0,0.0,5.6,0.46,1044.0,734.0,7.84,28,160.0,49.03,50.21037499999955,-1.1803749999995503
train,380.0,185.0,0.0,0,0.0,0.0,0.49,825.0,960.0,2.6,28,200.0,53.9,54.87421633385183,-0.9742163338518282
train,350.0,118.8,0.0,0,0.0,10.0,0.33,887.0,1081.0,3.6,3,250.0,7.72,12.656011111111058,-4.936011111111058
train,255.0,165.0,45.0,0,0.0,0.0,0.55,865.013,1045.490961,2.25,28,150.0,36.96,38.46122126262592,-1.5012212626259185
train,475.2,193.0,0.0,0,0.0,4.8,0.41,597.0,1109.0,0.0,7,45.0,20.4,22.63473456349202,-2.2347345634920224
train,160.0,163.0,232.0,0,0.0,8.0,0.42,684.0,1184.0,0.0,28,160.0,23.78,24.821728333333347,-1.0417283333333458
train,329.0,136.7,141.0,0,0.0,0.0,0.29,676.0,1278.0,0.0,28,116.0,44.75,47.65734166666668,-2.9073416666666816
train,492.5,212.0,0.0,0,0.0,7.5,0.43,544.0,1020.0,0.66,28,162.0,52.48,52.89950694003533,-0.4195069400353333
train,400.0,185.0,0.0,0,0.0,8.4,0.46,1040.0,733.0,7.84,28,80.0,60.97,57.55975555555583,3.4102444444441673
train,160.0,163.0,240.0,0,0.0,0.0,0.41,684.0,1184.0,0.0,28,160.0,24.06,23.976161926407045,0.08383807359295403
train,475.2,192.0,0.0,0,0.0,4.8,0.4,597.0,1109.0,2.2,28,45.0,35.99,39.51543636291718,-3.5254363629171763
train,400.0,180.0,0.0,0,0.0,0.0,0.45,948.0,776.0,1.92,28,200.0,56.89,56.882148114477886,0.007851885522114799
train,260.0,170.0,97.78,0,0.0,0.0,0.48,879.45,976.75,4.18,7,170.0,40.07,38.56066666666658,1.509333333333423
train,288.0,172.0,0.0,0,0.0,8.64,0.6,771.0,1164.0,1.73,28,228.0,38.33,39.019388888889324,-0.6893888888893258
train,400.0,135.3,0.0,0,0.0,10.0,0.33,848.0,1033.0,4.1,28,250.0,68.22,65.07274706589781,3.147252934102184
train,378.25,200.0,0.0,0,66.75,0.0,0.45,859.0,872.0,5.34,7,220.0,57.27,56.61420277777711,0.655797222222894
train,200.0,180.0,192.0,0,0.0,8.0,0.46,739.0,1014.0,3.4,3,200.0,25.05,24.418787671957453,0.6312123280425475
train,235.0,136.7,235.0,0,14.1,0.0,0.28,676.0,1278.0,0.0,28,116.0,39.8,41.404619444444485,-1.604619444444488
train,388.0,200.0,0.0,0,0.0,12.0,0.5,615.0,1205.0,8.0,28,500.0,46.04,46.30388888888937,-0.2638888888893689
train,282.0,136.7,188.0,0,16.92,0.0,0.28,676.0,1278.0,0.0,56,116.0,53.37,50.96852222222261,2.4014777777773872
train,450.0,180.0,0.0,0,0.0,0.0,0.4,664.0,1180.0,0.0,28,500.0,54.26,56.587947222222326,-2.3279472222223276
train,380.0,185.0,0.0,0,0.0,3.42,0.49,825.0,936.0,6.7,28,200.0,59.35,58.96139999999939,0.3886000000006149
train,407.4,160.0,0.0,0,0.0,12.6,0.39,728.0,1092.0,0.0,14,92.0,48.54,50.13294444444502,-1.592944444445024
train,630.0,196.0,70.0,0,0.0,0.0,0.28,695.0,753.0,5.6,7,202.0,60.2,61.12437222222193,-0.9243722222219262
train,270.0,212.0,0.0,0,30.0,0.0,0.71,716.0,1020.0,0.0,56,162.0,31.85,32.27842148148099,-0.4284214814809886
train,545.875,192.5,0.0,0,0.0,4.125,0.35,674.0,1011.0,4.4,7,380.0,45.28,45.21042222222186,0.069577777778143
train,398.0,200.0,0.0,0,0.0,2.0,0.5,615.0,1205.0,0.0,28,51.4,36.73,36.8575702248675,-0.12757022486750458
train,447.0,165.0,0.0,0,0.0,0.0,0.37,739.0,1109.0,0.0,28,228.0,86.3,85.91149259259335,0.38850740740664946
train,160.0,163.0,232.0,0,0.0,8.0,0.42,684.0,1184.0,0.0,90,160.0,27.87,27.907265767195717,-0.03726576719571639
train,475.2,192.0,0.0,0,0.0,4.8,0.4,597.0,1109.0,2.2,28,45.0,39.52,39.51543636291718,0.004563637082824812
train,395.0,181.0,0.0,0,20.8,0.0,0.44,739.0,1109.0,0.0,28,228.0,80.6,76.76038194444406,3.839618055555931
train,276.25,146.25,48.75,0,0.0,0.0,0.45,876.4373,1059.298859,3.25,7,150.0,37.53,37.224916666666495,0.30508333333350635
train,470.4,192.0,0.0,0,0.0,9.6,0.41,597.0,1109.0,2.2,7,45.0,24.32,25.351540082386666,-1.031540082386666
train,327.6,189.0,0.0,84,0.0,8.4,0.46,685.0,1134.0,2.5,28,41.0,38.99,40.38961521164046,-1.3996152116404588
train,200.0,180.0,192.0,0,8.0,0.0,0.45,739.0,1014.0,0.6,28,200.0,43.07,44.794709444444266,-1.7247094444442652
train,398.0,200.0,0.0,0,0.0,2.0,0.5,615.0,1205.0,2.0,28,500.0,42.18,41.81274436107115,0.36725563892885305
train,392.0,200.0,0.0,0,0.0,7.84,0.51,693.0,1104.0,10.192,1,305.0,25.25,26.449466666666652,-1.1994666666666518
train,120.0,156.0,0.0,280,0.0,0.0,0.39,898.0,1032.0,4.5,3,345.0,48.22,44.757366666666876,3.462633333333123
train,288.0,172.0,0.0,0,0.0,0.72,0.6,777.0,1164.0,0.86,7,228.0,26.95,27.520125462963115,-0.5701254629631158
train,400.0,163.0,0.0,0,0.0,0.0,0.41,684.0,1184.0,0.0,365,160.0,66.51,63.192282751322885,3.31771724867712
train,331.8,189.0,0.0,84,0.0,4.2,0.45,685.0,1134.0,2.5,90,41.0,47.8,47.299730185185204,0.5002698148147928
train,404.95,200.0,0.0,0,0.0,40.05,0.49,859.0,872.0,24.475,28,220.0,76.06,71.63004166666627,4.42995833333373
train,378.25,200.0,0.0,0,66.75,0.0,0.45,859.0,872.0,5.34,28,220.0,67.54,67.65621388888933,-0.1162138888893196
train,400.0,163.0,0.0,0,0.0,0.0,0.41,684.0,1184.0,0.0,7,160.0,48.42,35.04000179894182,13.379998201058179
train,339.5,210.0,0.0,0,0.0,10.5,0.6,610.0,1210.0,7.0,7,500.0,29.7,29.603775000000322,0.09622499999967715
train,398.0,200.0,0.0,0,0.0,1.99,0.5,693.0,1104.0,3.184,1,305.0,17.62,19.560207222222342,-1.940207222222341
train,387.0,191.0,0.0,0,0.0,1.9,0.49,739.0,1109.0,0.0,28,228.0,52.1,53.621155555555106,-1.5211555555551044
train,399.0,160.0,0.0,0,0.0,21.0,0.4,728.0,1092.0,0.0,7,92.0,35.55,38.89842407407399,-3.3484240740739963
train,411.6,160.0,0.0,0,0.0,8.4,0.39,728.0,1092.0,0.0,7,92.0,49.72,46.623585648148435,3.096414351851564
train,320.0,155.0,55.87,0,0.0,10.0,0.41,873.81,970.49,11.76,7,170.0,58.18,57.73405555555586,0.4459444444441374
train,475.2,193.0,0.0,0,0.0,4.8,0.41,597.0,1109.0,0.0,28,45.0,26.18,27.37881788480034,-1.1988178848003415
train,400.0,185.0,120.0,0,0.0,14.0,0.36,943.0,664.0,7.84,28,80.0,57.05,61.955702469136355,-4.905702469136358
train,436.5,180.0,0.0,0,0.0,9.0,0.4,664.0,1180.0,3.375,7,500.0,53.27,54.18379576719506,-0.9137957671950545
train,450.0,162.0,0.0,0,0.0,0.0,0.36,889.0,987.0,2.4,28,92.0,77.64,76.57216666666622,1.0678333333337804
train,394.0,180.0,0.0,0,0.0,6.0,0.46,948.0,776.0,5.52,3,200.0,40.2,40.54218888888897,-0.3421888888889697
train,420.0,189.0,0.0,0,0.0,0.0,0.45,685.0,1134.0,2.5,90,41.0,46.67,45.80205762065041,0.8679423793495928
train,541.75,192.5,0.0,0,0.0,8.25,0.36,671.0,1007.0,6.6,91,200.0,65.18,65.9416111111113,-0.7616111111112929
train,260.0,146.25,48.75,0,0.0,16.25,0.47,870.9629,1052.682281,5.6875,28,150.0,47.39,49.271342592592234,-1.8813425925922331
train,540.0,142.0,0.0,0,28.4,16.2,0.25,722.0,1044.0,6.5,7,127.0,92.4,92.82453888888851,-0.424538888888506
train,400.0,163.0,0.0,0,0.0,0.0,0.41,684.0,1184.0,0.0,90,160.0,45.52,47.36362592592561,-1.8436259259256076
train,550.0,192.5,0.0,0,0.0,0.0,0.35,678.0,1017.0,1.1,7,200.0,40.64,41.28325472222192,-0.6432547222219185
train,396.0,200.0,0.0,0,0.0,4.0,0.5,615.0,1205.0,3.0,28,500.0,44.06,43.5222847867565,0.5377152132435015
train,400.0,136.95,0.0,0,0.0,15.0,0.33,829.0,1010.0,4.15,3,250.0,15.84,16.964166666666756,-1.1241666666667562
train,394.0,200.0,0.0,0,0.0,6.0,0.5,615.0,1205.0,1.4,7,51.4,33.86,33.888150000000344,-0.028150000000344733
train,420.0,160.0,0.0,0,0.0,0.0,0.38,728.0,1092.0,0.0,14,92.0,45.26,46.82846851851847,-1.568468518518472
train,329.0,136.7,141.0,0,19.74,0.0,0.28,676.0,1278.0,0.0,7,116.0,41.29,39.39328000000031,1.8967199999996893
train,441.0,180.0,0.0,0,0.0,9.0,0.41,492.0,1148.0,0.0,28,160.0,39.31,40.29920555555585,-0.9892055555558485
train,320.0,170.0,55.87,0,0.0,0.0,0.45,879.45,976.75,4.39,90,170.0,79.25,74.4890222222222,4.760977777777796
train,442.0,163.0,0.0,0,0.0,4.5,0.37,739.0,1109.0,0.0,28,228.0,92.7,93.03886666666567,-0.3388666666656661
train,447.75,180.0,0.0,0,0.0,2.25,0.4,492.0,1148.0,0.0,90,560.0,48.42,48.26645555555498,0.1535444444450249
train,276.25,146.25,48.75,0,0.0,0.0,0.45,876.4373,1059.298859,3.25,56,150.0,52.0,51.08662314814814,0.9133768518518579
train,396.0,200.0,0.0,0,0.0,4.0,0.5,615.0,1205.0,2.0,7,250.0,37.43,36.76372407407425,0.6662759259257527
train,294.0,180.0,100.0,0,0.0,6.0,0.46,948.0,776.0,3.8,91,200.0,51.51,52.95706444444459,-1.4470644444445924
train,380.0,180.0,0.0,0,0.0,20.0,0.47,948.0,776.0,9.12,28,200.0,58.77,57.75116388888826,1.0188361111117459
train,400.0,163.0,0.0,0,0.0,0.0,0.41,684.0,1184.0,0.0,56,160.0,59.81,51.395905464967015,8.414094535032987
train,388.0,200.0,0.0,0,0.0,11.64,0.52,693.0,1104.0,15.52,28,305.0,59.8,57.138916481481836,2.6610835185181614
train,260.0,162.5,97.78,0,0.0,5.0,0.45,876.63,973.62,7.5,28,170.0,57.01,56.99864074074098,0.011359259259016596
train,240.0,163.0,160.0,0,0.0,0.0,0.41,684.0,1184.0,0.0,90,160.0,39.67,39.39311032627876,0.27688967372124296
train,450.0,118.0,0.0,0,23.7,13.5,0.25,602.0,1307.0,5.4,28,127.0,99.4,98.30669999999937,1.0933000000006388
train,380.0,200.0,0.0,0,0.0,20.0,0.5,615.0,1205.0,5.0,28,51.4,42.08,43.2149518518525,-1.1349518518524988
train,288.0,172.0,0.0,0,0.0,4.32,0.6,774.0,1164.0,1.44,3,228.0,21.22,21.497549999999976,-0.27754999999997665
train,400.0,185.0,120.0,0,0.0,5.6,0.36,953.0,671.0,7.84,120,80.0,86.43,85.70946666666646,0.7205333333335489
train,240.0,163.0,160.0,0,0.0,0.0,0.41,684.0,1184.0,0.0,3,160.0,16.05,16.27873620370371,-0.22873620370370773
train,392.0,163.0,0.0,0,0.0,8.0,0.42,684.0,1184.0,0.0,90,160.0,61.68,61.08456185185181,0.5954381481481903
train,525.0,196.0,70.0,105,26.25,0.0,0.27,695.0,753.0,7.0,7,202.0,71.52,73.94005555555489,-2.420055555554896
train,294.0,180.0,100.0,0,0.0,6.0,0.46,948.0,776.0,3.8,28,200.0,43.62,46.19585703703717,-2.5758570370371743
train,328.0,180.0,60.0,0,0.0,12.0,0.46,948.0,776.0,6.4,91,200.0,62.65,63.09884444444505,-0.4488444444450508
train,422.0,163.0,0.0,0,22.3,2.2,0.37,739.0,1109.0,0.0,28,228.0,103.9,102.19514444444364,1.7048555555563638
train,120.0,163.0,78.0,190,0.0,12.0,0.42,684.0,1184.0,4.11,7,160.0,41.54,40.76299851851892,0.7770014814810793
train,400.0,185.0,80.0,0,0.0,2.8,0.39,986.0,695.0,7.84,120,80.0,88.16,84.94243333333468,3.21756666666532
train,200.0,180.0,192.0,0,8.0,0.0,0.45,739.0,1014.0,0.6,7,200.0,29.6,28.294980687830492,1.3050193121695095
train,396.0,200.0,0.0,0,0.0,4.0,0.5,615.0,1205.0,1.0,7,51.4,31.68,32.621411111111335,-0.9414111111113357
train,329.0,136.7,141.0,0,19.74,0.0,0.28,676.0,1278.0,0.0,90,116.0,71.58,67.55997592592662,4.020024074073376
train,405.0,180.0,0.0,0,0.0,22.5,0.4,664.0,1180.0,10.125,28,51.4,55.64,57.196281851851666,-1.556281851851665
train,384.0,163.0,0.0,0,0.0,16.0,0.42,684.0,1184.0,0.0,28,160.0,58.28,57.59188933862389,0.6881106613761077
train,273.0,146.25,48.75,0,0.0,3.25,0.45,874.9733,1057.529504,4.0625,3,150.0,27.74,29.058002777778082,-1.3180027777780836
train,240.0,163.0,160.0,0,0.0,0.0,0.41,684.0,1184.0,0.0,56,160.0,36.2,36.7805492857142,-0.5805492857141985
train,200.0,180.0,0.0,200,0.0,0.0,0.45,774.0,1014.0,1.4,28,200.0,67.33,64.38475601851943,2.945243981480573
train,304.0,125.4,57.0,0,0.0,19.0,0.35,870.1,1051.63942,8.55,3,150.0,43.65,45.096211111111785,-1.4462111111117864
train,545.875,165.0,0.0,0,0.0,4.125,0.3,702.0,1052.0,6.6,91,200.0,74.26,72.40041904761958,1.8595809523804263
train,160.0,163.0,240.0,0,0.0,0.0,0.41,684.0,1184.0,0.0,90,160.0,27.94,27.973260216049365,-0.03326021604936358
train,328.0,180.0,60.0,0,0.0,12.0,0.46,948.0,776.0,6.4,3,200.0,32.72,33.95812222222236,-1.2381222222223585
train,235.0,136.7,235.0,0,0.0,7.05,0.29,676.0,1278.0,0.0,28,116.0,41.29,42.73777962962995,-1.4477796296299488
train,600.0,120.0,0.0,0,0.0,0.0,0.2,932.0,748.0,9.0,28,54.0,104.91,104.57482222222329,0.3351777777767069
train,366.0,183.0,0.0,0,0.0,0.0,0.5,922.0,922.0,1.8,28,148.0,56.63,55.65479728395024,0.9752027160497647
train,346.5,210.0,0.0,0,0.0,3.5,0.6,610.0,1210.0,1.75,28,250.0,34.06,34.01030888888925,0.04969111111075364
train,550.0,192.5,0.0,0,0.0,0.0,0.35,678.0,1017.0,1.1,28,200.0,54.76,54.813775277777914,-0.05377527777791613
train,120.0,163.0,84.0,196,0.0,0.0,0.41,684.0,1184.0,1.15,365,160.0,60.13,58.65728296296221,1.4727170370377891
train,240.0,165.0,45.0,0,0.0,15.0,0.58,859.9597,1039.383351,4.5,3,150.0,23.63,25.1277296296296,-1.4977296296295997
train,446.0,180.0,0.0,0,0.0,2.25,0.4,664.0,1180.0,0.5625,28,500.0,63.66,63.61013333333408,0.04986666666591333
train,400.0,200.0,0.0,0,0.0,0.0,0.5,693.0,1104.0,0.8,7,305.0,29.5,32.026741944444446,-2.5267419444444457
train,381.6,200.0,106.0,0,42.4,0.0,0.38,940.0,850.0,5.72,7,200.0,55.42,55.513399999999294,-0.09339999999929205
train,400.0,185.0,0.0,0,0.0,1.68,0.46,1048.0,738.0,7.84,28,500.0,49.89,48.80246037037004,1.0875396296299584
train,400.0,185.0,0.0,0,0.0,2.24,0.46,1047.0,738.0,7.84,28,500.0,43.24,46.22988259259254,-2.9898825925925365
train,427.5,188.1,142.5,0,0.0,0.0,0.33,812.1,812.1,2.85,28,150.0,59.0,61.65216111111102,-2.6521611111110204
train,390.0,144.3,0.0,0,0.0,23.4,0.37,783.0,1175.0,2.08,7,80.0,58.11,55.23374666666702,2.8762533333329827
train,80.0,163.0,0.0,312,0.0,8.0,0.42,684.0,1184.0,4.34,365,160.0,59.42,59.88413333333272,-0.4641333333327182
train,340.6,189.0,0.0,0,0.0,3.4,0.55,924.0,924.0,2.4,7,148.0,45.39,44.32222592592571,1.0677740740742934
train,400.0,185.0,40.0,0,0.0,8.4,0.42,1010.0,710.0,7.84,28,160.0,55.26,55.98746790123482,-0.7274679012348244
train,437.0,162.0,0.0,0,0.0,13.5,0.37,886.0,985.0,5.0,90,92.0,99.15,94.76891481481445,4.381085185185555
train,404.95,200.0,0.0,0,40.05,0.0,0.45,859.0,872.0,5.785,28,220.0,64.65,65.97271018518585,-1.3227101851858407
train,400.0,185.0,80.0,0,0.0,2.8,0.39,986.0,695.0,7.84,28,80.0,69.99,68.41809760942718,1.5719023905728164
train,285.0,212.0,0.0,0,15.0,0.0,0.71,716.0,1020.0,0.0,28,162.0,31.68,31.168026917989383,0.5119730820106163
train,425.0,164.0,0.0,0,22.3,0.0,0.37,739.0,1109.0,0.0,28,228.0,97.2,98.26821111110993,-1.0682111111099317
train,240.0,165.0,45.0,0,0.0,15.0,0.58,859.9597,1039.383351,4.5,56,150.0,45.09,45.25979351851814,-0.16979351851813362
train,80.0,163.0,0.0,320,0.0,0.0,0.41,684.0,1184.0,2.85,91,160.0,49.33,49.57571111111184,-0.24571111111184507
train,419.8,200.0,106.0,0,0.0,4.2,0.38,940.0,850.0,4.77,7,200.0,48.51,48.81889629629625,-0.30889629629625404
train,380.0,185.0,0.0,0,0.0,0.0,0.49,825.0,960.0,2.6,91,200.0,58.26,58.439151111111485,-0.17915111111148718
train,282.0,136.7,188.0,0,0.0,8.46,0.29,676.0,1278.0,0.0,28,116.0,46.93,46.982808703703974,-0.05280870370397395
train,300.0,212.0,0.0,0,0.0,0.0,0.71,716.0,1020.0,0.0,28,162.0,26.73,28.455061111110815,-1.725061111110815
train,407.3,162.0,0.0,0,36.0,6.75,0.37,881.0,978.0,5.37,28,92.0,97.83,95.9402200000009,1.8897799999990923
train,160.0,163.0,240.0,0,0.0,0.0,0.41,684.0,1184.0,0.0,28,160.0,24.06,23.976161926407045,0.08383807359295403
train,310.0,180.0,60.0,0,0.0,30.0,0.49,948.0,776.0,15.4,7,200.0,44.64,44.228511111110976,0.4114888888890249
train,120.0,163.0,84.0,196,0.0,0.0,0.41,684.0,1184.0,1.15,56,160.0,51.75,50.90975398148158,0.8402460185184211
train,400.0,162.5,0.0,0,0.0,5.0,0.41,876.7,973.6,9.4,28,170.0,82.26,78.09769144179927,4.162308558200735
train,450.0,180.0,0.0,0,0.0,0.0,0.4,664.0,1180.0,0.0,28,51.4,54.26,53.82485220458577,0.4351477954142311
train,400.0,185.0,40.0,0,0.0,2.8,0.42,1016.0,716.0,7.84,28,160.0,49.86,51.29086666666696,-1.430866666666958
train,252.0,165.0,45.0,0,0.0,3.0,0.56,863.6616,1043.85771,3.0,3,150.0,22.46,22.96403888888862,-0.5040388888886191
train,235.0,136.7,235.0,0,14.1,0.0,0.28,676.0,1278.0,0.0,7,116.0,30.89,29.128516666666485,1.7614833333335156
train,445.5,180.0,0.0,0,0.0,3.375,0.4,664.0,1180.0,1.125,28,51.4,57.72,57.33239323232383,0.38760676767616786
train,160.0,163.0,240.0,0,0.0,0.0,0.41,684.0,1184.0,0.0,7,160.0,16.41,16.48974013227509,-0.07974013227509147
train,350.0,118.8,0.0,0,0.0,10.0,0.33,887.0,1081.0,3.6,28,250.0,45.74,49.53450740740734,-3.7945074074073375
train,400.0,185.0,40.0,0,0.0,2.8,0.42,1016.0,716.0,7.84,120,160.0,58.63,61.050411111110684,-2.420411111110681
train,319.2,125.4,57.0,0,0.0,3.8,0.33,874.7892,1057.306941,6.65,56,150.0,69.3,67.99206388888939,1.3079361111106067
train,446.625,180.0,0.0,0,0.0,3.375,0.4,640.0,1180.0,0.0,365,200.0,48.0,48.19749999999999,-0.1974999999999909
train,160.0,163.0,240.0,0,0.0,0.0,0.41,684.0,1184.0,0.0,3,160.0,4.48,5.65581322751318,-1.1758132275131796
train,108.3,188.1,427.5,0,0.0,34.2,0.35,743.5,743.5,14.25,28,150.0,46.7,50.4110555555553,-3.7110555555552978
train,450.0,180.0,0.0,0,0.0,0.0,0.4,492.0,1148.0,0.0,7,560.0,27.03,28.025207142857028,-0.9952071428570264
train,384.0,163.0,0.0,0,0.0,16.0,0.42,684.0,1184.0,0.0,28,160.0,57.17,57.59188933862389,-0.4218893386238918
train,273.0,132.6,117.0,0,0.0,46.8,0.34,762.0,1143.0,3.14,3,80.0,35.95,35.111655555555984,0.8383444444440187
train,441.0,180.0,0.0,0,0.0,6.75,0.4,664.0,1180.0,2.475,7,250.0,56.24,55.09464576719545,1.14535423280455
train,550.0,192.5,0.0,0,0.0,0.0,0.35,678.0,1017.0,1.1,91,200.0,58.99,58.848625555555344,0.14137444444465785
train,394.0,212.0,0.0,0,0.0,6.0,0.54,635.0,1020.0,0.28,56,162.0,50.5,53.943834113756054,-3.443834113756054
train,600.0,212.0,0.0,0,0.0,0.0,0.35,472.0,1020.0,1.36,28,162.0,35.15,37.66631257973541,-2.5163125797354127
train,344.7,192.0,0.0,0,0.0,5.25,0.56,890.0,988.0,2.12,90,92.0,56.23,55.98018858024752,0.24981141975247567
train,112.0,156.0,0.0,280,0.0,8.0,0.4,898.0,1031.0,4.75,28,345.0,58.51,59.908894444444854,-1.3988944444448563
train,160.0,163.0,240.0,0,0.0,0.0,0.41,684.0,1184.0,0.0,56,160.0,26.17,26.297814516193693,-0.12781451619369122
train,344.75,210.0,0.0,0,0.0,5.25,0.6,610.0,1210.0,1.225,28,51.4,33.17,33.63292833333292,-0.4629283333329184
train,384.0,163.0,0.0,0,0.0,16.0,0.42,684.0,1184.0,0.0,7,160.0,52.45,51.69706423280411,0.7529357671958934
train,303.4,200.0,0.0,0,0.0,4.6,0.66,924.0,924.0,1.5,7,148.0,39.24,36.51202222222281,2.727977777777191
train,411.3,200.0,106.0,0,0.0,12.7,0.39,940.0,850.0,6.36,90,200.0,78.42,78.22141111111058,0.19858888888941806
train,475.2,193.0,0.0,0,0.0,4.8,0.41,597.0,1109.0,0.0,28,45.0,24.03,27.37881788480034,-3.34881788480034
train,412.0,180.0,0.0,0,0.0,4.2,0.44,739.0,1109.0,0.0,28,228.0,70.52,69.78907499999944,0.7309250000005534
train,445.5,180.0,0.0,0,0.0,4.5,0.4,492.0,1148.0,0.0,28,560.0,39.9,42.48500509259298,-2.5850050925929793
train,260.0,162.5,97.78,0,0.0,5.0,0.45,876.63,973.62,7.5,7,170.0,44.38,43.478688888888854,0.9013111111111485
train,485.0,212.0,0.0,0,0.0,15.0,0.44,544.0,1020.0,0.66,28,162.0,54.46,52.3878723759572,2.0721276240427997
train,360.0,200.0,0.0,0,0.0,40.0,0.5,615.0,1205.0,9.0,7,51.4,33.47,35.296511111111364,-1.8265111111113654
train,447.0,180.0,0.0,0,0.0,1.125,0.4,664.0,1180.0,0.0,7,500.0,49.5,49.20352194444443,0.2964780555555677
train,445.5,180.0,0.0,0,0.0,3.375,0.4,664.0,1180.0,1.125,28,250.0,65.15,64.93899027777846,0.21100972222154724
train,323.4,189.0,0.0,84,0.0,12.6,0.46,685.0,1134.0,2.5,7,41.0,29.22,29.047759259259433,0.17224074074056617
train,545.875,165.0,0.0,0,0.0,4.125,0.3,702.0,1052.0,6.6,3,380.0,44.96,44.994266666666235,-0.0342666666662339
train,441.0,180.0,0.0,0,0.0,6.75,0.4,664.0,1180.0,2.475,28,51.4,58.32,58.078784654882206,0.2412153451177943
train,399.0,160.0,0.0,0,0.0,21.0,0.4,728.0,1092.0,0.0,28,92.0,45.26,46.742131283068865,-1.4821312830688669
train,344.7,192.0,0.0,0,0.0,5.25,0.56,890.0,988.0,2.12,28,92.0,54.72,54.41916395061766,0.3008360493823403
train,370.0,180.0,0.0,0,0.0,30.0,0.49,948.0,776.0,12.36,7,200.0,51.08,50.9560222222228,0.1239777777771991
train,160.0,163.0,232.0,0,0.0,8.0,0.42,684.0,1184.0,0.0,28,160.0,26.97,24.821728333333347,2.148271666666652
train,398.0,200.0,0.0,0,0.0,2.0,0.5,615.0,1205.0,0.0,7,51.4,30.59,31.130689629629764,-0.5406896296297639
train,629.0,166.0,0.0,0,33.1,18.87,0.25,842.0,781.0,7.6,28,127.0,103.2,105.41985873015847,-2.219858730158464
train,400.0,136.95,0.0,0,0.0,15.0,0.33,829.0,1010.0,4.15,28,250.0,60.4,62.2915814814823,-1.891581481482298
train,362.3,183.0,0.0,0,0.0,3.7,0.51,922.0,922.0,3.1,28,148.0,51.91,53.61730018518585,-1.7073001851858507
train,160.0,163.0,240.0,0,0.0,0.0,0.41,684.0,1184.0,0.0,56,160.0,26.7,26.297814516193693,0.40218548380630637
train,373.1,200.0,106.0,0,42.4,8.5,0.38,940.0,850.0,5.72,7,200.0,54.56,56.19895555555511,-1.638955555555107
train,475.0,212.0,0.0,0,25.0,0.0,0.42,544.0,1020.0,1.45,28,162.0,37.95,39.102847676366935,-1.1528476763669318
train,282.0,136.7,188.0,0,16.92,0.0,0.28,676.0,1278.0,0.0,90,116.0,56.83,55.35254920635,1.47745079365
train,288.0,172.0,0.0,0,0.0,1.44,0.6,776.0,1164.0,0.86,28,228.0,37.71,37.53378888888825,0.1762111111117477
train,591.0,212.0,0.0,0,0.0,9.0,0.36,472.0,1020.0,1.2,28,162.0,59.41,54.90584360630093,4.50415639369907
train,399.0,160.0,0.0,0,0.0,21.0,0.4,728.0,1092.0,0.0,1,92.0,21.12,25.333315238095192,-4.213315238095191
train,550.0,137.5,0.0,0,0.0,0.0,0.25,732.0,1098.0,6.6,28,200.0,84.56,84.92642222222159,-0.36642222222158694
train,273.0,146.25,48.75,0,0.0,3.25,0.45,874.9733,1057.529504,4.0625,7,150.0,38.65,38.53483888888923,0.11516111111076555
train,525.0,196.0,70.0,105,0.0,2.62,0.28,695.0,753.0,7.0,7,202.0,75.26,74.40221111111157,0.857788888888436
train,320.0,155.0,55.87,0,0.0,10.0,0.41,873.81,970.49,11.76,90,170.0,84.37,81.14996666666714,3.2200333333328643
train,390.0,132.6,0.0,0,0.0,46.8,0.34,774.0,1162.0,4.39,7,80.0,66.61,59.98514000000037,6.624859999999629
train,441.0,180.0,0.0,0,0.0,9.0,0.41,492.0,1148.0,0.0,28,560.0,37.72,41.11272240740784,-3.392722407407838
train,329.0,136.7,141.0,0,0.0,0.0,0.29,676.0,1278.0,0.0,7,116.0,34.55,36.10567999999974,-1.5556799999997395
train,690.0,145.0,0.0,0,36.3,20.7,0.2,842.0,781.0,12.7,7,127.0,88.0,88.92702222222233,-0.9270222222223339
train,350.0,120.45,0.0,0,0.0,15.0,0.33,868.0,1058.0,3.65,3,250.0,13.86,14.912522222222291,-1.0525222222222919
train,310.0,180.0,60.0,0,0.0,30.0,0.49,948.0,776.0,15.4,3,200.0,38.08,38.2339888888894,-0.1539888888894012
train,80.0,163.0,0.0,320,0.0,0.0,0.41,684.0,1184.0,2.85,365,160.0,50.84,51.86449999999945,-1.024499999999449
train,450.0,153.45,0.0,0,0.0,15.0,0.33,790.0,962.0,4.65,3,250.0,10.1,13.225355555555753,-3.1253555555557533
train,420.0,160.0,0.0,0,0.0,0.0,0.38,728.0,1092.0,0.0,28,92.0,49.07,50.32002783068762,-1.2500278306876211
train,364.9,200.0,0.0,0,66.75,13.35,0.46,859.0,872.0,8.01,28,220.0,81.02,74.96476111111032,6.055238888889676
train,370.0,180.0,0.0,0,0.0,30.0,0.49,948.0,776.0,12.36,28,200.0,57.32,57.35407685185159,-0.034076851851587264
train,443.25,180.0,0.0,0,0.0,6.75,0.41,640.0,1180.0,0.0,90,200.0,49.0,49.33469907407405,-0.3346990740740523
train,246.0,165.0,45.0,0,0.0,9.0,0.57,861.8107,1041.620531,3.75,28,150.0,41.76,42.17206481481457,-0.41206481481457047
train,400.0,185.0,40.0,0,0.0,8.4,0.42,1010.0,710.0,7.84,120,160.0,71.77,69.89832222222168,1.8716777777783165
train,400.0,185.0,120.0,0,0.0,1.68,0.36,957.0,673.0,7.84,120,500.0,70.07,74.28057777777715,-4.210577777777161
train,400.0,185.0,160.0,0,0.0,0.0,0.33,929.0,654.0,7.84,120,80.0,94.89,90.99745555555543,3.8925444444445674
train,427.5,180.0,0.0,0,0.0,13.5,0.4,664.0,1180.0,5.625,7,51.4,46.24,47.7188333333335,-1.4788333333334975
train,540.0,142.0,0.0,0,28.4,8.1,0.25,722.0,1044.0,6.5,28,127.0,105.8,103.87888888888966,1.921111111110335
train,400.0,200.0,0.0,0,0.0,0.0,0.5,693.0,1104.0,0.8,28,305.0,37.72,40.33470235449763,-2.6147023544976307
train,480.0,192.0,0.0,0,0.0,0.0,0.4,597.0,1109.0,2.2,7,45.0,27.46,27.667121215651246,-0.2071212156512452
train,437.0,162.0,0.0,0,0.0,13.5,0.37,886.0,985.0,5.0,28,92.0,96.13,91.49746671296298,4.63253328703702
train,364.2,183.0,0.0,0,0.0,1.8,0.5,922.0,922.0,2.6,7,148.0,50.0,48.47361666666678,1.5263833333332215
train,264.0,163.0,128.0,0,0.0,8.0,0.42,684.0,1184.0,0.0,56,160.0,44.86,44.57453841710777,0.285461582892232
train,266.5,146.25,48.75,0,0.0,9.75,0.46,872.9681,1055.105892,4.875,7,150.0,43.91,42.52353333333356,1.3864666666664363
train,400.0,180.0,0.0,0,0.0,0.0,0.45,948.0,776.0,1.92,7,200.0,45.57,44.27108666666648,1.2989133333335232
train,320.0,162.5,55.87,0,0.0,5.0,0.43,876.63,973.62,7.62,90,170.0,78.49,76.39304444444412,2.09695555555588
train,388.0,200.0,0.0,0,0.0,11.64,0.52,693.0,1104.0,15.52,2,305.0,36.63,34.509255555555804,2.120744444444199
train,350.0,192.0,0.0,0,0.0,0.0,0.55,890.0,989.0,0.8,90,92.0,53.4,53.45093672839561,-0.05093672839561236
train,340.0,180.0,60.0,0,0.0,0.0,0.45,948.0,776.0,1.72,7,200.0,37.45,37.3072333333335,0.14276666666650328
train,541.75,192.5,0.0,0,0.0,8.25,0.36,671.0,1007.0,6.6,7,200.0,50.74,49.96135555555558,0.7786444444444243
train,392.0,200.0,0.0,0,0.0,7.84,0.51,693.0,1104.0,10.192,7,305.0,42.28,42.94946666666628,-0.6694666666662812
train,400.0,185.0,40.0,0,0.0,11.2,0.42,1007.0,710.0,7.84,28,80.0,55.23,56.12481313933031,-0.89481313933031
train,400.0,185.0,120.0,0,0.0,5.6,0.36,953.0,671.0,7.84,28,160.0,66.27,67.08059690035164,-0.8105969003516407
train,306.5,200.0,0.0,0,0.0,1.5,0.65,924.0,924.0,1.5,28,148.0,40.07,39.45536666666661,0.6146333333333871
train,329.0,136.7,141.0,0,0.0,9.87,0.29,676.0,1278.0,0.0,90,116.0,70.89,67.41001555555505,3.479984444444952
train,400.0,185.0,80.0,0,0.0,5.6,0.39,983.0,692.0,7.84,120,160.0,71.67,72.38116666666589,-0.7111666666658891
train,443.2,180.0,0.0,0,0.0,5.625,0.4,664.0,1180.0,1.575,7,500.0,53.27,53.17114298941734,0.0988570105826625
train,540.0,142.0,0.0,0,28.4,8.1,0.25,722.0,1044.0,6.5,7,127.0,96.0,94.89677777777777,1.1032222222222288
train,270.0,180.0,100.0,0,0.0,30.0,0.49,948.0,776.0,15.12,91,200.0,56.45,58.01762222222192,-1.5676222222219138
train,260.0,155.0,97.78,0,0.0,10.0,0.43,873.81,970.49,11.25,90,170.0,73.99,73.4103222222218,0.5796777777782012
train,446.0,180.0,0.0,0,0.0,2.25,0.4,664.0,1180.0,0.5625,7,250.0,49.6,49.91308675925887,-0.31308675925886575
train,350.0,210.0,0.0,0,0.0,0.0,0.6,610.0,1210.0,0.0,28,51.4,26.73,27.270022222221975,-0.5400222222219746
train,240.0,163.0,160.0,0,0.0,0.0,0.41,684.0,1184.0,0.0,3,160.0,15.75,16.27873620370371,-0.5287362037037084
train,344.75,210.0,0.0,0,0.0,5.25,0.6,610.0,1210.0,3.5,28,500.0,36.14,36.035188333333096,0.10481166666690456
train,380.0,185.0,0.0,0,0.0,1.14,0.49,825.0,948.0,5.6,7,200.0,51.85,51.38682222222165,0.46317777777834834
train,555.0,120.0,0.0,0,0.0,45.0,0.22,932.0,748.0,9.0,3,54.0,57.44,58.4991888888892,-1.059188888889203
train,322.0,192.0,0.0,0,28.0,0.0,0.55,884.0,983.0,2.0,28,92.0,52.26,53.58476820987663,-1.3247682098766305
train,394.0,212.0,0.0,0,0.0,6.0,0.54,635.0,1020.0,0.28,28,162.0,47.03,50.360993849206274,-3.3309938492062727
train,445.5,198.0,0.0,0,0.0,4.5,0.44,1000.0,750.0,6.75,28,202.0,51.58,51.848116666667394,-0.268116666667396
train,500.0,165.0,0.0,0,0.0,0.0,0.33,806.0,982.0,5.0,28,250.0,69.41,69.80567888888984,-0.39567888888984726
train,472.8,192.0,0.0,0,0.0,7.2,0.41,597.0,1109.0,2.2,7,45.0,26.18,26.357674597294626,-0.17767459729462587
train,304.9,200.0,0.0,0,0.0,3.1,0.66,924.0,924.0,1.5,7,148.0,30.27,32.81733333333372,-2.5473333333337216
train,450.0,150.15,0.0,0,0.0,5.0,0.33,827.0,1007.0,4.55,7,250.0,37.52,35.623044444444645,1.8969555555553583
train,300.0,212.0,0.0,0,0.0,0.0,0.71,716.0,1020.0,0.0,56,162.0,30.94,30.726799999999557,0.2132000000004446
train,200.0,155.0,139.7,0,0.0,10.0,0.46,873.81,970.49,9.7,28,170.0,49.18,51.33163333333352,-2.151633333333521
train,400.0,185.0,120.0,0,0.0,8.4,0.36,949.0,669.0,7.84,120,80.0,89.71,87.6660111111113,2.0439888888886912
train,400.0,185.0,40.0,0,0.0,1.68,0.42,1017.0,716.0,7.84,120,500.0,62.51,62.15932222222232,0.35067777777767617
train,320.0,180.0,60.0,0,0.0,20.0,0.47,948.0,776.0,9.32,7,200.0,43.98,42.69491111111113,1.2850888888888647
train,400.0,200.0,0.0,0,0.0,0.0,0.5,615.0,1205.0,0.0,28,51.4,36.34,36.21827123015878,0.12172876984122638
train,400.0,200.0,0.0,0,0.0,0.0,0.5,615.0,1205.0,0.0,28,250.0,36.34,36.73267784391544,-0.39267784391543614
train,338.0,246.7,0.0,0,0.0,6.76,0.73,800.0,1104.0,7.8754,1,305.0,12.57,14.882188888888834,-2.3121888888888336
train,400.0,185.0,40.0,0,0.0,8.4,0.42,1010.0,712.0,7.84,28,80.0,63.0,60.48396869488556,2.5160313051144385
train,450.0,151.8,0.0,0,0.0,10.0,0.33,808.0,985.0,4.6,7,250.0,30.89,32.10456666666647,-1.214566666666471
train,392.0,200.0,0.0,0,0.0,8.0,0.5,615.0,1205.0,2.2,7,51.4,35.15,35.444727777778134,-0.2947277777781352
train,445.0,165.0,0.0,0,0.0,2.2,0.37,739.0,1109.0,0.0,28,228.0,88.6,87.82880000000029,0.771199999999709
train,550.0,165.0,0.0,0,0.0,0.0,0.3,705.0,1057.0,3.85,91,200.0,73.44,70.9888777777782,2.451122222221798
train,240.0,163.0,160.0,0,0.0,0.0,0.41,684.0,1184.0,0.0,90,160.0,38.81,39.39311032627876,-0.5831103262787565
train,582.0,212.0,0.0,0,0.0,18.0,0.36,472.0,1020.0,1.2,28,162.0,55.45,56.708689920634455,-1.2586899206344526
train,344.75,210.0,0.0,0,0.0,5.25,0.6,610.0,1210.0,1.225,7,51.4,25.25,25.538772037037024,-0.2887720370370239
train,392.0,163.0,0.0,0,0.0,8.0,0.42,684.0,1184.0,0.0,90,160.0,61.32,61.08456185185181,0.23543814814819086
train,540.0,142.0,0.0,0,28.4,8.1,0.25,722.0,1044.0,6.5,3,127.0,88.2,87.71779999999907,0.48220000000092966
train,394.0,212.0,0.0,0,0.0,6.0,0.54,635.0,1020.0,0.28,56,162.0,58.09,53.943834113756054,4.146165886243949
train,436.5,180.0,0.0,0,0.0,9.0,0.4,664.0,1180.0,3.375,28,500.0,66.73,66.47509351851932,0.2549064814806883
train,400.0,163.0,0.0,0,0.0,0.0,0.41,684.0,1184.0,0.0,56,160.0,44.86,51.395905464967015,-6.535905464967016
train,400.0,185.0,40.0,0,0.0,14.0,0.42,1004.0,707.0,7.84,28,80.0,52.31,53.97404462081131,-1.6640446208113104
train,400.0,185.0,40.0,0,0.0,1.68,0.42,1017.0,716.0,7.84,28,500.0,50.76,51.26558888888903,-0.5055888888890294
train,447.0,180.0,0.0,0,0.0,1.125,0.4,664.0,1180.0,0.0,7,250.0,49.31,48.63223861111096,0.6777613888890457
train,80.0,163.0,0.0,312,0.0,8.0,0.42,684.0,1184.0,4.34,180,160.0,59.05,58.62513333333387,0.4248666666661265
train,600.0,120.0,0.0,0,0.0,0.0,0.2,932.0,748.0,9.0,3,54.0,52.58,55.03562222222276,-2.4556222222227646
train,400.0,185.0,80.0,0,0.0,2.8,0.39,986.0,695.0,7.84,28,160.0,64.49,65.21142361471806,-0.7214236147180628
train,540.0,142.0,0.0,0,28.4,16.2,0.25,722.0,1044.0,6.5,28,127.0,101.2,101.32519999999906,-0.1251999999990545
train,120.0,163.0,78.0,190,0.0,12.0,0.42,684.0,1184.0,4.11,56,160.0,65.74,62.85691756613751,2.8830824338624836
train,315.0,189.0,0.0,84,0.0,21.0,0.47,685.0,1134.0,2.5,90,41.0,50.26,49.92708317460319,0.3329168253968078
train,323.4,189.0,0.0,84,0.0,12.6,0.46,685.0,1134.0,2.5,90,41.0,50.45,50.34634444444416,0.10365555555583938
train,323.0,125.4,57.0,0,0.0,0.0,0.33,876.5009,1059.375726,5.7,28,150.0,58.43,60.69728074074081,-2.2672807407408087
train,541.75,137.5,0.0,0,0.0,8.25,0.25,725.0,1087.0,12.65,91,200.0,90.38,90.15138888888913,0.2286111111108653
train,450.0,180.0,0.0,0,0.0,0.0,0.4,664.0,1180.0,0.0,7,250.0,41.09,41.90264603174579,-0.8126460317457855
train,485.0,212.0,0.0,0,0.0,15.0,0.44,544.0,1020.0,0.66,28,162.0,50.3,52.3878723759572,-2.087872375957204
train,390.0,156.0,0.0,0,0.0,0.0,0.4,789.0,1184.0,1.4,3,80.0,38.81,37.877520370370654,0.9324796296293485
train,328.1,192.0,0.0,0,14.0,7.9,0.56,886.0,984.0,3.74,90,92.0,59.81,58.88247407407395,0.9275259259260551
train,160.0,163.0,232.0,0,0.0,8.0,0.42,684.0,1184.0,0.0,28,160.0,23.59,24.821728333333347,-1.231728333333347
train,475.2,192.0,0.0,0,0.0,4.8,0.4,597.0,1109.0,2.2,28,45.0,39.52,39.51543636291718,0.004563637082824812
train,350.0,118.8,0.0,0,0.0,10.0,0.33,887.0,1081.0,3.6,7,250.0,20.79,24.126211111111495,-3.3362111111114956
train,294.0,180.0,100.0,0,0.0,6.0,0.46,948.0,776.0,3.8,3,200.0,25.26,26.651496296296035,-1.391496296296033
train,315.0,210.0,0.0,0,0.0,35.0,0.6,610.0,1210.0,7.875,7,51.4,23.47,26.444711111111264,-2.974711111111265
train,400.0,212.0,0.0,0,0.0,0.0,0.53,635.0,1020.0,0.0,28,162.0,30.69,31.544568888888534,-0.854568888888533
train,388.0,200.0,0.0,0,0.0,12.0,0.5,615.0,1205.0,6.0,7,250.0,40.2,40.239333333333406,-0.03933333333340272
train,311.6,125.4,57.0,0,0.0,11.4,0.34,872.4446,1054.47318,7.6,56,150.0,72.34,70.40058272727185,1.93941727272815
train,400.0,155.0,0.0,0,0.0,10.0,0.39,873.8,970.5,13.4,90,170.0,86.44,84.67133333333406,1.7686666666659363
train,446.0,180.0,0.0,0,0.0,2.25,0.4,664.0,1180.0,0.5625,28,250.0,63.56,63.455933333333284,0.10406666666671782
train,350.0,192.0,0.0,0,0.0,0.0,0.55,890.0,989.0,0.8,28,92.0,52.17,51.823551111110504,0.34644888888949765
train,160.0,163.0,232.0,0,0.0,8.0,0.42,684.0,1184.0,0.0,3,160.0,8.88,9.21080098765431,-0.33080098765430854
train,419.8,200.0,106.0,0,0.0,4.2,0.38,940.0,850.0,4.77,90,200.0,77.65,77.00425555555604,0.6457444444439631
train,235.0,136.7,235.0,0,0.0,7.05,0.29,676.0,1278.0,0.0,3,116.0,24.06,22.78735993827173,1.2726400617282678
train,450.0,180.0,0.0,0,0.0,0.0,0.4,640.0,1180.0,0.0,365,200.0,47.0,47.095555555555386,-0.09555555555538575
train,255.0,165.0,45.0,0,0.0,0.0,0.55,865.013,1045.490961,2.25,7,150.0,29.07,30.461133333333144,-1.3911333333331442
train,541.75,137.5,0.0,0,0.0,8.25,0.25,725.0,1087.0,12.65,28,200.0,84.79,85.07928888888868,-0.2892888888886773
train,360.0,215.0,0.0,0,0.0,0.0,0.6,730.0,1095.0,0.0,28,228.0,38.02,34.82710555555574,3.1928944444442635
train,400.0,185.0,40.0,0,0.0,5.6,0.42,1014.0,714.0,7.84,120,80.0,72.18,69.46108888888931,2.7189111111106996
train,400.0,185.0,80.0,0,0.0,8.4,0.39,979.0,689.0,7.84,120,160.0,64.76,69.13655555555573,-4.376555555555726
train,400.0,185.0,40.0,0,0.0,11.2,0.42,1007.0,710.0,7.84,120,80.0,72.9,70.69878888888935,2.201211111110652
train,235.0,136.7,235.0,0,0.0,7.05,0.29,676.0,1278.0,0.0,7,116.0,32.08,29.902507407407803,2.177492592592195
train,288.0,172.0,0.0,0,0.0,2.88,0.6,775.0,1164.0,1.15,3,228.0,20.42,20.550377777777676,-0.13037777777767445
train,443.25,180.0,0.0,0,0.0,6.75,0.41,640.0,1180.0,0.0,28,200.0,47.0,46.81182444444442,0.1881755555555813
train,319.2,189.0,0.0,84,0.0,16.8,0.47,685.0,1134.0,2.5,28,41.0,41.25,41.748582222222176,-0.49858222222217563
train,264.0,163.0,128.0,0,0.0,8.0,0.42,684.0,1184.0,0.0,28,160.0,37.3,37.92742724867714,-0.6274272486771437
train,400.0,135.3,0.0,0,0.0,10.0,0.33,848.0,1033.0,4.1,3,250.0,20.3,19.608722222222045,0.6912777777779553
train,420.0,160.0,0.0,0,0.0,0.0,0.38,728.0,1092.0,0.0,7,92.0,38.31,39.55704444444457,-1.247044444444569
train,402.8,200.0,106.0,0,21.2,0.0,0.38,940.0,850.0,4.77,28,200.0,71.29,72.11404666666735,-0.8240466666673427
train,350.0,120.45,0.0,0,0.0,15.0,0.33,868.0,1058.0,3.65,7,250.0,31.88,29.8301444444447,2.0498555555553004
train,346.5,210.0,0.0,0,0.0,3.5,0.6,610.0,1210.0,0.875,7,51.4,23.47,24.104810185185194,-0.634810185185195
train,545.875,165.0,0.0,0,0.0,4.125,0.3,702.0,1052.0,6.6,7,200.0,59.0,57.46694444444461,1.5330555555553929
train,446.0,180.0,0.0,0,0.0,2.25,0.4,664.0,1180.0,0.5625,7,500.0,51.29,50.623866388889205,0.6661336111107943
train,364.2,183.0,0.0,0,0.0,1.8,0.5,922.0,922.0,2.6,28,148.0,57.19,56.26098836139192,0.9290116386080811
train,690.0,145.0,0.0,0,36.3,10.35,0.2,842.0,781.0,12.7,3,127.0,82.9,83.39865555555546,-0.4986555555554588
train,276.0,157.0,0.0,120,0.0,4.0,0.4,904.0,1039.0,4.0,1,345.0,23.37,24.855444444444426,-1.4854444444444255
train,441.0,180.0,0.0,0,0.0,6.75,0.4,664.0,1180.0,2.475,28,500.0,67.43,67.09343555555553,0.33656444444447686
train,160.0,163.0,240.0,0,0.0,0.0,0.41,684.0,1184.0,0.0,28,160.0,23.59,23.976161926407045,-0.38616192640704483
train,240.0,163.0,160.0,0,0.0,0.0,0.41,684.0,1184.0,0.0,28,160.0,29.53,31.166943716931026,-1.6369437169310253
train,400.0,185.0,40.0,0,0.0,5.6,0.42,1013.0,714.0,7.84,120,160.0,64.41,66.12448888888959,-1.7144888888895906
train,160.0,163.0,240.0,0,0.0,0.0,0.41,684.0,1184.0,0.0,7,160.0,16.51,16.48974013227509,0.020259867724909952
train,323.0,125.4,57.0,0,0.0,0.0,0.33,876.5009,1059.375726,5.7,7,150.0,53.49,52.85662222222209,0.633377777777909
train,392.0,200.0,0.0,0,0.0,8.0,0.5,615.0,1205.0,6.0,28,500.0,47.13,47.09256666666653,0.03743333333347465
train,380.0,212.0,0.0,0,20.0,0.0,0.53,635.0,1020.0,0.68,28,162.0,27.72,29.96621240740759,-2.24621240740759
train,411.6,160.0,0.0,0,0.0,8.4,0.39,728.0,1092.0,0.0,1,92.0,29.78,29.867753703703425,-0.08775370370342372
train,240.0,163.0,160.0,0,0.0,0.0,0.41,684.0,1184.0,0.0,28,160.0,29.92,31.166943716931026,-1.2469437169310247
train,540.0,190.0,160.0,0,0.0,5.4,0.27,512.0,1030.0,5.94,28,205.0,71.07,70.98680802469137,0.08319197530862255
train,445.5,180.0,0.0,0,0.0,4.5,0.4,492.0,1148.0,0.0,90,560.0,49.8,49.07860000000015,0.7213999999998464
train,340.0,180.0,60.0,0,0.0,0.0,0.45,948.0,776.0,1.72,3,200.0,28.57,28.786516666666515,-0.21651666666651437
train,273.0,144.3,117.0,0,0.0,23.4,0.37,769.0,1154.0,1.48,3,80.0,31.99,33.68138703703747,-1.6913870370374688
train,388.0,200.0,0.0,0,0.0,12.0,0.5,615.0,1205.0,8.0,7,500.0,38.51,39.229022222221964,-0.719022222221966
train,288.0,172.0,0.0,0,0.0,0.72,0.6,777.0,1164.0,0.86,3,228.0,18.41,19.16370888888883,-0.7537088888888306
train,264.0,163.0,128.0,0,0.0,8.0,0.42,684.0,1184.0,0.0,7,160.0,24.76,28.641085925925683,-3.8810859259256816
train,436.5,198.0,0.0,0,0.0,13.5,0.45,1000.0,750.0,9.0,28,202.0,52.48,52.40524444444437,0.07475555555562607
train,400.0,133.65,0.0,0,0.0,5.0,0.33,866.0,1055.0,4.05,3,250.0,16.93,18.97888888888899,-2.048888888888989
train,400.0,185.0,0.0,0,0.0,11.2,0.46,1038.0,731.0,7.84,120,80.0,61.6,62.29284444444385,-0.6928444444438497
train,334.0,180.0,60.0,0,0.0,6.0,0.46,948.0,776.0,4.28,28,200.0,51.59,53.252899886039216,-1.662899886039213
train,288.0,172.0,0.0,0,0.0,1.44,0.6,776.0,1164.0,0.86,3,228.0,20.01,19.87739777777778,0.1326022222222214
train,400.0,185.0,120.0,0,0.0,1.13,0.36,957.0,674.0,7.84,28,500.0,59.51,62.719759259259305,-3.2097592592593074
train,591.0,124.0,0.0,0,31.0,17.73,0.2,722.0,1044.0,10.9,7,127.0,84.4,85.36913888888914,-0.9691388888891339
train,235.0,136.7,235.0,0,0.0,0.0,0.29,676.0,1278.0,0.0,56,116.0,41.19,43.05860000000001,-1.868600000000015
train,443.25,180.0,0.0,0,0.0,6.75,0.41,640.0,1180.0,0.0,7,200.0,37.0,39.89848703703703,-2.898487037037029
train,388.0,200.0,0.0,0,0.0,12.0,0.5,615.0,1205.0,3.0,7,51.4,35.94,36.62169999999975,-0.6816999999997506
train,475.2,192.0,0.0,0,0.0,4.8,0.4,597.0,1109.0,2.2,28,45.0,40.21,39.51543636291718,0.6945636370828225
train,273.0,156.0,117.0,0,0.0,0.0,0.4,775.0,1163.0,1.12,3,80.0,30.66,30.893719629629572,-0.23371962962957227
train,388.0,180.0,0.0,0,0.0,12.0,0.46,948.0,776.0,6.68,91,200.0,69.22,67.62338888888951,1.5966111111104908
train,334.0,180.0,60.0,0,0.0,6.0,0.46,948.0,776.0,4.28,91,200.0,60.09,60.59410888888824,-0.5041088888882399
train,240.0,163.0,160.0,0,0.0,0.0,0.41,684.0,1184.0,0.0,7,160.0,21.33,22.647928289241733,-1.3179282892417348
train,493.0,104.0,0.0,0,25.8,14.79,0.2,602.0,1307.0,9.0,7,127.0,81.1,82.86641111111122,-1.7664111111112248
train,329.0,136.7,141.0,0,0.0,0.0,0.29,676.0,1278.0,0.0,3,116.0,29.8,29.102954074073754,0.6970459259262469
train,315.0,189.0,0.0,84,0.0,21.0,0.47,685.0,1134.0,2.5,28,41.0,40.44,41.22662666666651,-0.786626666666514
train,443.2,180.0,0.0,0,0.0,5.625,0.4,664.0,1180.0,1.575,7,51.4,44.36,44.84874679012382,-0.4887467901238196
train,273.0,146.25,48.75,0,0.0,3.25,0.45,874.9733,1057.529504,4.0625,56,150.0,54.0,54.60216444444437,-0.6021644444443695
train,343.0,210.0,0.0,0,0.0,7.0,0.6,610.0,1210.0,3.5,7,250.0,29.11,28.838533333333515,0.271466666666484
train,405.0,180.0,0.0,0,0.0,22.5,0.4,664.0,1180.0,10.125,7,51.4,44.55,47.758818518518666,-3.208818518518669
train,317.0,192.0,0.0,0,28.0,5.25,0.56,884.0,981.0,3.52,90,92.0,57.83,58.43639444444504,-0.6063944444450442
train,273.0,144.3,117.0,0,0.0,23.4,0.37,769.0,1154.0,1.48,7,80.0,47.74,46.66822222222231,1.0717777777776902
train,411.3,200.0,106.0,0,0.0,12.7,0.39,940.0,850.0,6.36,7,200.0,50.99,52.894722222222306,-1.9047222222223041
train,475.2,192.0,0.0,0,0.0,4.8,0.4,597.0,1109.0,2.2,28,45.0,37.76,39.51543636291718,-1.7554363629171803
train,444.3,180.0,0.0,0,0.0,4.5,0.4,664.0,1180.0,1.35,7,250.0,53.17,52.73534993386158,0.43465006613842405
train,450.0,151.8,0.0,0,0.0,10.0,0.33,808.0,985.0,4.6,3,250.0,15.54,16.49903333333361,-0.9590333333336112
train,525.0,196.0,70.0,105,0.0,7.87,0.28,695.0,753.0,7.0,7,202.0,80.5,77.19110000000009,3.308899999999909
train,400.0,185.0,120.0,0,0.0,2.8,0.36,955.0,673.0,7.84,28,80.0,66.57,68.27529938071146,-1.705299380711466
train,348.25,210.0,0.0,0,0.0,1.75,0.6,610.0,1210.0,1.75,7,500.0,25.84,25.962388888888945,-0.1223888888889455
train,280.0,180.0,100.0,0,0.0,20.0,0.47,948.0,776.0,8.92,28,200.0,51.12,51.621227777778216,-0.5012277777782188
train,381.6,200.0,106.0,0,42.4,0.0,0.38,940.0,850.0,5.72,28,200.0,73.62,73.78996111111194,-0.16996111111193102
train,400.0,162.5,0.0,0,0.0,5.0,0.41,876.7,973.6,9.4,7,170.0,73.0,68.6828333333334,4.317166666666594
train,311.6,125.4,57.0,0,0.0,11.4,0.34,872.4446,1054.47318,7.6,28,150.0,66.32,66.03491080266922,0.28508919733077676
train,339.5,210.0,0.0,0,0.0,10.5,0.6,610.0,1210.0,2.625,7,51.4,27.33,27.44452476190511,-0.11452476190511263
train,200.0,180.0,192.0,0,8.0,0.0,0.45,739.0,1014.0,0.6,91,200.0,51.39,51.280195608465284,0.10980439153471622
train,288.0,172.0,0.0,0,0.0,0.72,0.6,777.0,1164.0,0.86,28,228.0,36.71,36.68890185185126,0.021098148148738005
train,398.0,200.0,0.0,0,0.0,2.0,0.5,615.0,1205.0,1.0,7,250.0,35.05,34.091138888888686,0.958861111111311
train,323.0,125.4,57.0,0,0.0,0.0,0.33,876.5009,1059.375726,5.7,56,150.0,65.0,65.27522962962968,-0.2752296296296777
train,475.2,192.0,0.0,0,0.0,4.8,0.4,597.0,1109.0,2.2,7,45.0,27.26,28.613202681299263,-1.353202681299262
train,400.0,133.65,0.0,0,0.0,5.0,0.33,866.0,1055.0,4.05,7,250.0,29.31,33.02215648148187,-3.7121564814818733
train,414.0,181.0,0.0,0,0.0,2.1,0.44,739.0,1109.0,0.0,28,228.0,68.12,68.22035000000055,-0.10035000000054595
train,396.0,200.0,0.0,0,0.0,3.96,0.51,693.0,1104.0,5.346,2,305.0,28.32,27.821588888888677,0.49841111111132363
train,282.0,136.7,188.0,0,0.0,0.0,0.29,676.0,1278.0,0.0,28,116.0,38.22,40.698586111111474,-2.4785861111114755
train,444.3,180.0,0.0,0,0.0,4.5,0.4,664.0,1180.0,1.35,28,500.0,65.35,65.58553138888827,-0.23553138888827618
train,240.0,163.0,160.0,0,0.0,0.0,0.41,684.0,1184.0,0.0,90,160.0,39.48,39.39311032627876,0.08688967372123813
train,345.0,148.0,0.0,0,0.0,5.25,0.43,1053.0,724.0,3.92,91,478.0,57.43,58.824400000000196,-1.3944000000001964
train,493.0,104.0,0.0,0,25.8,7.395,0.2,602.0,1307.0,9.0,7,127.0,88.3,86.99846666666768,1.3015333333323156
train,120.0,163.0,84.0,196,0.0,0.0,0.41,684.0,1184.0,1.15,180,160.0,57.84,56.49173851851777,1.3482614814822327
train,380.0,212.0,0.0,0,20.0,0.0,0.53,635.0,1020.0,0.68,56,162.0,31.68,32.43949296296309,-0.7594929629630869
train,585.0,120.0,0.0,0,0.0,15.0,0.21,932.0,748.0,9.0,7,54.0,74.41,75.750800000001,-1.3408000000009963
train,344.0,189.0,0.0,0,0.0,0.0,0.55,924.0,924.0,2.4,7,148.0,40.91,41.303188888889046,-0.3931888888890498
train,360.0,215.0,0.0,0,0.0,0.0,0.6,730.0,1095.0,0.0,3,228.0,19.41,18.964472222222142,0.44552777777785835
train,492.5,212.0,0.0,0,0.0,7.5,0.43,544.0,1020.0,0.66,28,162.0,50.82,52.89950694003533,-2.07950694003533
train,475.2,192.0,0.0,0,0.0,4.8,0.4,597.0,1109.0,2.2,7,45.0,28.44,28.613202681299263,-0.1732026812992622
train,450.0,118.0,0.0,0,23.7,13.5,0.25,602.0,1307.0,5.4,3,127.0,82.8,83.65061111111187,-0.8506111111118742
train,450.0,212.0,0.0,0,50.0,0.0,0.42,544.0,1020.0,2.15,28,162.0,37.62,38.32563235449717,-0.7056323544971761
train,392.0,200.0,0.0,0,0.0,8.0,0.5,615.0,1205.0,4.0,7,250.0,39.6,39.26534555555514,0.33465444444485826
train,570.0,120.0,0.0,0,0.0,30.0,0.21,932.0,748.0,9.0,7,54.0,76.85,77.33281111111103,-0.48281111111103314
train,591.0,124.0,0.0,0,31.0,8.865,0.2,722.0,1044.0,10.9,3,127.0,79.7,80.02969999999928,-0.3296999999992778
train,443.2,180.0,0.0,0,0.0,5.625,0.4,664.0,1180.0,1.575,7,250.0,53.56,53.368601322750855,0.19139867724914694
train,388.0,212.0,0.0,0,0.0,12.0,0.55,635.0,1020.0,0.28,28,162.0,54.95,53.456667385361214,1.4933326146387884
train,441.0,180.0,0.0,0,0.0,9.0,0.41,492.0,1148.0,0.0,7,560.0,27.72,29.020893888889166,-1.300893888889167
train,402.8,200.0,106.0,0,21.2,0.0,0.38,940.0,850.0,4.77,90,200.0,76.62,76.18195555555614,0.4380444444438609
train,420.0,189.0,0.0,0,0.0,0.0,0.45,685.0,1134.0,2.5,28,41.0,34.83,38.1352228499283,-3.305222849928299
train,332.5,210.0,0.0,0,0.0,17.5,0.6,610.0,1210.0,4.375,7,51.4,27.72,28.147350370370596,-0.427350370370597
train,280.0,157.0,0.0,120,0.0,0.0,0.39,905.0,1040.0,3.5,1,345.0,20.59,23.065288888888976,-2.4752888888889757
train,264.0,163.0,128.0,0,0.0,8.0,0.42,684.0,1184.0,0.0,90,160.0,45.58,45.50368498677286,0.07631501322713774
train,282.0,136.7,188.0,0,0.0,0.0,0.29,676.0,1278.0,0.0,7,116.0,26.14,27.1725111111109,-1.0325111111108995
train,450.0,198.0,0.0,0,0.0,0.0,0.44,1000.0,750.0,5.4,28,202.0,48.51,49.9664677865961,-1.4564677865961002
train,252.0,165.0,45.0,0,0.0,3.0,0.56,863.6616,1043.85771,3.0,56,150.0,40.2,40.95202055555568,-0.7520205555556743
train,288.0,172.0,0.0,0,0.0,4.32,0.6,774.0,1164.0,1.44,28,228.0,38.82,38.925833333333024,-0.10583333333302392
train,402.8,200.0,106.0,0,21.2,0.0,0.38,940.0,850.0,4.77,7,200.0,48.74,50.47318148148144,-1.733181481481438
train,444.3,180.0,0.0,0,0.0,4.5,0.4,664.0,1180.0,1.35,7,500.0,52.77,52.62148882275066,0.1485111772493397
train,329.0,136.7,141.0,0,0.0,0.0,0.29,676.0,1278.0,0.0,90,116.0,62.67,61.3780037037029,1.2919962962970999
train,475.2,192.0,0.0,0,0.0,4.8,0.4,597.0,1109.0,2.2,7,45.0,31.68,28.613202681299263,3.0667973187007362
train,475.2,192.0,0.0,0,0.0,4.8,0.4,597.0,1109.0,2.2,7,45.0,27.16,28.613202681299263,-1.4532026812992633
train,280.0,180.0,100.0,0,0.0,20.0,0.47,948.0,776.0,8.92,91,200.0,61.97,61.243111111111396,0.7268888888886025
train,450.0,150.15,0.0,0,0.0,5.0,0.33,827.0,1007.0,4.55,3,250.0,19.01,19.41975000000013,-0.40975000000012685
train,344.75,210.0,0.0,0,0.0,5.25,0.6,610.0,1210.0,3.5,7,500.0,27.82,28.04405185185169,-0.22405185185169074
train,342.3,189.0,0.0,0,0.0,1.7,0.55,924.0,924.0,2.4,7,148.0,43.44,42.930055555555505,0.5099444444444927
train,160.0,163.0,232.0,0,0.0,8.0,0.42,684.0,1184.0,0.0,7,160.0,16.1,16.588298165784874,-0.4882981657848724
train,345.0,213.9,0.0,0,0.0,0.0,0.62,800.0,1104.0,0.0,1,305.0,10.0,11.153177777777728,-1.153177777777728
train,424.0,200.0,106.0,0,0.0,0.0,0.38,940.0,850.0,3.82,28,200.0,71.01,69.79409851851887,1.21590148148114
train,450.0,151.8,0.0,0,0.0,10.0,0.33,808.0,985.0,4.6,28,250.0,61.49,67.18006962962943,-5.690069629629427
train,343.0,210.0,0.0,0,0.0,7.0,0.6,610.0,1210.0,5.25,28,500.0,36.53,36.65358518518498,-0.12358518518497874
train,456.0,141.0,0.0,0,24.1,2.4,0.29,739.0,1109.0,0.0,28,228.0,119.95,116.64288888888782,3.307111111112178
train,441.0,180.0,0.0,0,0.0,9.0,0.41,492.0,1148.0,0.0,90,160.0,43.86,44.7283814814819,-0.8683814814818973
train,545.875,137.5,0.0,0,0.0,4.125,0.25,728.0,1092.0,9.9,7,200.0,75.14,73.45336666666661,1.6866333333333898
train,288.0,172.0,0.0,0,0.0,4.32,0.6,774.0,1164.0,1.44,7,228.0,29.87,29.999603240740463,-0.1296032407404617
train,200.0,170.0,139.7,0,0.0,0.0,0.5,879.45,976.75,2.93,7,170.0,25.49,29.270479629629932,-3.7804796296299337
train,427.5,180.0,0.0,0,0.0,13.5,0.4,664.0,1180.0,5.625,28,51.4,57.43,58.53852907407422,-1.1085290740742195
train,411.3,200.0,106.0,0,0.0,12.7,0.39,940.0,850.0,6.36,28,200.0,74.06,73.26833333333295,0.7916666666670551
train,319.2,125.4,57.0,0,0.0,3.8,0.33,874.7892,1057.306941,6.65,28,150.0,61.67,62.91866093253908,-1.2486609325390816
train,541.75,137.5,0.0,0,0.0,8.25,0.25,725.0,1087.0,12.65,28,380.0,83.88,84.16875555555549,-0.2887555555554968
train,541.75,137.5,0.0,0,0.0,8.25,0.25,725.0,1087.0,12.65,7,200.0,74.39,74.15008888888862,0.23991111111138252
train,394.0,212.0,0.0,0,0.0,6.0,0.54,635.0,1020.0,0.28,28,162.0,54.46,50.360993849206274,4.099006150793727
train,545.875,192.5,0.0,0,0.0,4.125,0.35,674.0,1011.0,4.4,91,380.0,57.76,57.91337777777805,-0.15337777777805428
train,478.0,142.0,0.0,0,0.0,4.8,0.3,739.0,1109.0,0.0,28,228.0,109.0,105.40984444444418,3.5901555555558247
train,80.0,163.0,0.0,320,0.0,0.0,0.41,684.0,1184.0,2.85,3,160.0,24.83,27.670832222222494,-2.8408322222224953
train,240.0,163.0,160.0,0,0.0,0.0,0.41,684.0,1184.0,0.0,28,160.0,32.96,31.166943716931026,1.7930562830689745
train,388.0,212.0,0.0,0,0.0,12.0,0.55,635.0,1020.0,0.28,56,162.0,55.12,55.028569197531056,0.09143080246894186
train,450.0,118.0,0.0,0,23.7,13.5,0.25,602.0,1307.0,5.4,7,127.0,90.0,90.2746234567902,-0.27462345679019506
train,400.0,163.0,0.0,0,0.0,0.0,0.41,684.0,1184.0,0.0,90,160.0,45.85,47.36362592592561,-1.5136259259256093
train,345.0,221.8,0.0,0,0.0,0.0,0.64,800.0,1104.0,0.0,28,305.0,26.34,28.920688888889014,-2.5806888888890143
train,200.0,155.0,139.7,0,0.0,10.0,0.46,873.81,970.49,9.7,90,170.0,55.25,57.74406666666663,-2.494066666666633
train,545.875,137.5,0.0,0,0.0,4.125,0.25,728.0,1092.0,9.9,3,200.0,59.27,59.333055555555035,-0.06305555555503162
train,370.0,180.0,0.0,0,0.0,30.0,0.49,948.0,776.0,12.36,3,200.0,43.39,42.44198148148132,0.9480185185186798
train,373.1,200.0,106.0,0,42.4,8.5,0.38,940.0,850.0,5.72,90,200.0,81.66,80.35301111111215,1.3069888888878438
train,450.0,198.0,0.0,0,0.0,0.0,0.44,1000.0,750.0,5.4,28,202.0,49.6,49.9664677865961,-0.3664677865960968
train,392.0,200.0,0.0,0,0.0,8.0,0.5,615.0,1205.0,2.2,28,51.4,42.28,42.68760085470051,-0.40760085470051166
train,342.3,189.0,0.0,0,0.0,1.7,0.55,924.0,924.0,2.4,28,148.0,51.28,51.218967065094944,0.061032934905057346
train,80.0,163.0,0.0,320,0.0,0.0,0.41,684.0,1184.0,2.85,28,160.0,40.81,43.675328664021336,-2.865328664021334
train,444.3,180.0,0.0,0,0.0,4.5,0.4,664.0,1180.0,1.35,28,250.0,66.14,65.8780424999996,0.2619575000004062
train,541.75,192.5,0.0,0,0.0,8.25,0.36,671.0,1007.0,6.6,28,380.0,60.44,61.491611111111496,-1.051611111111498
train,525.0,196.0,70.0,105,0.0,7.87,0.28,695.0,753.0,7.0,28,202.0,91.87,85.95679555555566,5.913204444444347
train,400.0,185.0,80.0,0,0.0,14.0,0.39,973.0,686.0,7.84,28,80.0,66.06,65.15407455246877,0.9059254475312315
train,400.0,185.0,120.0,0,0.0,2.8,0.36,955.0,673.0,7.84,120,80.0,85.07,85.09102222222266,-0.02102222222266903
train,300.0,180.0,100.0,0,0.0,0.0,0.45,948.0,776.0,1.72,3,200.0,24.28,25.898757407407256,-1.618757407407255
train,475.2,192.0,0.0,0,0.0,4.8,0.4,597.0,1109.0,2.2,28,45.0,43.05,39.51543636291718,3.534563637082819
train,480.0,143.0,0.0,0,0.0,2.4,0.3,739.0,1109.0,0.0,28,228.0,106.4,103.92729999999928,2.472700000000728
train,400.0,185.0,0.0,0,0.0,14.0,0.46,1034.0,729.0,7.84,28,80.0,53.41,53.85271537037081,-0.4427153703708129
train,475.2,193.0,0.0,0,0.0,4.8,0.41,597.0,1109.0,0.0,28,45.0,30.11,27.37881788480034,2.7311821151996583
train,119.7,188.1,427.5,0,0.0,22.8,0.34,749.1,749.1,11.4,28,150.0,51.0,51.887888888888874,-0.8878888888888739
train,396.0,200.0,0.0,0,0.0,4.0,0.5,615.0,1205.0,3.0,7,500.0,37.92,37.76233703703658,0.1576629629634212
train,445.5,180.0,0.0,0,0.0,3.375,0.4,664.0,1180.0,1.125,28,500.0,65.15,64.96514583333416,0.18485416666584342
train,360.4,200.0,106.0,0,63.6,0.0,0.38,940.0,850.0,6.36,28,200.0,71.15,72.02735555555647,-0.8773555555564627
train,288.0,172.0,0.0,0,0.0,5.76,0.6,773.0,1164.0,1.44,3,228.0,22.43,22.11311111111118,0.31688888888881905
train,252.0,165.0,45.0,0,0.0,3.0,0.56,863.6616,1043.85771,3.0,28,150.0,37.24,38.7470033333336,-1.5070033333336
train,116.0,156.0,0.0,280,0.0,4.0,0.39,898.0,1032.0,4.5,28,345.0,57.33,60.18351481481538,-2.8535148148153837
train,492.5,212.0,0.0,0,0.0,7.5,0.43,544.0,1020.0,0.66,28,162.0,55.94,52.89950694003533,3.0404930599646676
train,120.0,163.0,78.0,190,0.0,12.0,0.42,684.0,1184.0,4.11,28,160.0,56.41,57.75873111111189,-1.3487311111118956
train,420.0,162.0,0.0,0,22.3,4.5,0.37,739.0,1109.0,0.0,28,228.0,109.0,105.34927777777743,3.6507222222225693
train,327.6,189.0,0.0,84,0.0,8.4,0.46,685.0,1134.0,2.5,7,41.0,25.63,27.763324074074177,-2.133324074074178
train,345.0,221.8,0.0,0,0.0,0.0,0.64,800.0,1104.0,0.0,1,305.0,6.73,8.701211111110998,-1.971211111110998
train,311.6,125.4,57.0,0,0.0,11.4,0.34,872.4446,1054.47318,7.6,3,150.0,47.08,46.675244444445205,0.40475555555479303
train,415.8,160.0,0.0,0,0.0,4.2,0.38,728.0,1092.0,0.0,7,92.0,41.85,42.35912638888853,-0.5091263888885251
train,310.0,180.0,60.0,0,0.0,30.0,0.49,948.0,776.0,15.4,28,200.0,49.66,51.98981111111176,-2.3298111111117663
train,392.0,163.0,0.0,0,0.0,8.0,0.42,684.0,1184.0,0.0,3,160.0,35.95,36.46789761904779,-0.5178976190477869
train,392.0,200.0,0.0,0,0.0,8.0,0.5,615.0,1205.0,6.0,7,500.0,39.11,39.53927777777794,-0.42927777777794063
train,317.0,192.0,0.0,0,28.0,5.25,0.56,884.0,981.0,3.52,28,92.0,57.92,57.47838333333289,0.44161666666710886
train,447.0,180.0,0.0,0,0.0,1.125,0.4,664.0,1180.0,0.0,28,250.0,62.08,61.849120000000546,0.23087999999945197
train,540.0,120.0,0.0,0,0.0,60.0,0.22,932.0,748.0,9.0,3,54.0,57.62,58.88778888888942,-1.2677888888894202
train,475.2,192.0,0.0,0,0.0,4.8,0.4,597.0,1109.0,2.2,7,45.0,27.95,28.613202681299263,-0.6632026812992642
train,235.0,136.7,235.0,0,0.0,0.0,0.29,676.0,1278.0,0.0,90,116.0,46.04,46.846338888889235,-0.8063388888892362
train,327.6,189.0,0.0,84,0.0,8.4,0.46,685.0,1134.0,2.5,90,41.0,49.88,49.38402962962933,0.4959703703706708
train,470.4,192.0,0.0,0,0.0,9.6,0.41,597.0,1109.0,2.2,28,45.0,37.46,39.12416508611716,-1.6641650861171584
train,404.95,200.0,0.0,0,0.0,40.05,0.49,859.0,872.0,24.475,7,220.0,63.89,61.80487777777757,2.085122222222431
train,424.0,200.0,106.0,0,0.0,0.0,0.38,940.0,850.0,3.82,90,200.0,73.27,72.32973333333265,0.9402666666673412
train,392.0,200.0,0.0,0,0.0,7.84,0.51,693.0,1104.0,10.192,28,305.0,55.84,54.1005159259253,1.7394840740747028
train,200.0,180.0,0.0,192,0.0,8.0,0.46,771.0,1014.0,4.0,3,200.0,42.67,38.71211777777716,3.9578822222228425
train,320.0,155.0,55.87,0,0.0,10.0,0.41,873.81,970.49,11.76,28,170.0,71.4,71.63529744268165,-0.23529744268164166
train,394.0,200.0,0.0,0,0.0,6.0,0.5,615.0,1205.0,3.0,28,250.0,46.53,46.30336938339394,0.22663061660605877
train,345.0,148.0,0.0,0,0.0,5.25,0.43,1053.0,724.0,3.92,7,478.0,30.5,34.0273488888889,-3.527348888888902
train,475.2,192.0,0.0,0,0.0,4.8,0.4,597.0,1109.0,2.2,7,45.0,27.26,28.613202681299263,-1.353202681299262
train,334.0,180.0,60.0,0,0.0,6.0,0.46,948.0,776.0,4.28,3,200.0,31.32,30.992653333333166,0.3273466666668341
train,250.8,188.1,285.0,0,0.0,34.2,0.35,764.0,764.0,17.1,28,150.0,62.0,61.38537751322764,0.6146224867723618
train,300.0,180.0,100.0,0,0.0,0.0,0.45,948.0,776.0,1.72,28,200.0,45.2,46.213535185185066,-1.013535185185063
train,407.4,160.0,0.0,0,0.0,12.6,0.39,728.0,1092.0,0.0,28,92.0,52.74,53.50920370370358,-0.7692037037035746
train,400.0,185.0,40.0,0,0.0,5.6,0.42,1013.0,714.0,7.84,28,160.0,54.69,55.39993456790152,-0.7099345679015201
train,445.5,180.0,0.0,0,0.0,4.5,0.4,492.0,1148.0,0.0,90,160.0,47.62,47.314456099610524,0.3055439003894733
train,116.0,156.0,0.0,280,0.0,4.0,0.39,898.0,1032.0,4.5,7,345.0,52.28,51.353677777777406,0.9263222222225949
train,450.0,180.0,0.0,0,0.0,0.0,0.4,640.0,1180.0,0.0,28,200.0,40.67,42.715291728394455,-2.045291728394453
train,448.0,180.0,0.0,0,0.0,0.0,0.4,664.0,1180.0,0.0,28,250.0,60.69,60.09797388888929,0.5920261111107052
train,160.0,163.0,232.0,0,0.0,8.0,0.42,684.0,1184.0,0.0,56,160.0,26.36,26.296540873016088,0.06345912698391132
train,368.0,190.0,0.0,0,19.4,1.9,0.49,739.0,1109.0,0.0,28,228.0,61.54,63.80626666666723,-2.266266666667228
train,282.0,136.7,188.0,0,16.92,0.0,0.28,676.0,1278.0,0.0,28,116.0,45.25,45.97131944444454,-0.7213194444445392
train,450.0,180.0,0.0,0,0.0,0.0,0.4,664.0,1180.0,0.0,7,500.0,41.09,42.55778888888864,-1.4677888888886343
train,340.0,180.0,60.0,0,0.0,0.0,0.45,948.0,776.0,1.72,91,200.0,59.65,57.75758888888959,1.8924111111104054
train,160.0,163.0,240.0,0,0.0,0.0,0.41,684.0,1184.0,0.0,90,160.0,27.64,27.973260216049365,-0.3332602160493643
train,272.0,157.0,0.0,120,0.0,8.0,0.4,903.0,1039.0,5.0,28,345.0,63.47,63.44444189814866,0.025558101851338222
train,475.2,192.0,0.0,0,0.0,4.8,0.4,597.0,1109.0,2.2,28,45.0,43.05,39.51543636291718,3.534563637082819
train,485.0,212.0,0.0,0,0.0,15.0,0.44,544.0,1020.0,0.66,56,162.0,55.45,54.00563317460316,1.4443668253968411
train,545.875,165.0,0.0,0,0.0,4.125,0.3,702.0,1052.0,6.6,28,200.0,63.47,65.78231457010641,-2.312314570106409
train,443.2,180.0,0.0,0,0.0,5.625,0.4,664.0,1180.0,1.575,28,250.0,68.32,67.4426952777774,0.8773047222225898
train,448.0,180.0,0.0,0,0.0,0.0,0.4,664.0,1180.0,0.0,28,500.0,60.99,60.49254722222205,0.4974527777779514
train,310.0,180.0,60.0,0,0.0,30.0,0.49,948.0,776.0,15.4,91,200.0,59.12,60.402644444445,-1.2826444444450047
train,200.0,162.5,139.7,0,0.0,5.0,0.48,876.63,973.62,5.65,90,170.0,58.24,59.13068888888855,-0.8906888888885476
train,411.6,160.0,0.0,0,0.0,8.4,0.39,728.0,1092.0,0.0,3,92.0,41.07,38.467049999999716,2.602950000000284
train,398.0,200.0,0.0,0,0.0,1.99,0.5,693.0,1104.0,3.184,2,305.0,26.14,24.194575598290427,1.9454244017095732
train,350.0,120.45,0.0,0,0.0,15.0,0.33,868.0,1058.0,3.65,28,250.0,56.24,54.78593148148132,1.4540685185186817
train,80.0,163.0,0.0,312,0.0,8.0,0.42,684.0,1184.0,4.34,7,160.0,39.8,40.05976111111099,-0.2597611111109899
train,400.0,185.0,80.0,0,0.0,5.6,0.38,983.0,692.0,7.84,120,80.0,82.97,82.61660000000082,0.3533999999991835
train,550.0,165.0,0.0,0,0.0,0.0,0.3,705.0,1057.0,3.85,28,200.0,66.53,65.62273815527031,0.907261844729689
train,407.4,160.0,0.0,0,0.0,12.6,0.39,728.0,1092.0,0.0,3,92.0,35.64,36.18247407407377,-0.5424740740737661
train,400.0,163.0,0.0,0,0.0,0.0,0.41,684.0,1184.0,0.0,28,160.0,42.1,41.359183962241445,0.740816037758556
train,320.0,162.5,55.87,0,0.0,5.0,0.43,876.63,973.62,7.62,28,170.0,66.16,66.04829251984222,0.11170748015777576
train,445.5,180.0,0.0,0,0.0,4.5,0.4,492.0,1148.0,0.0,7,560.0,30.99,31.216454070467027,-0.22645407046702815
train,418.3,200.0,0.0,0,0.0,26.7,0.48,859.0,872.0,11.125,28,220.0,66.8,66.25379759259303,0.546202407406966
train,475.2,192.0,0.0,0,0.0,4.8,0.4,597.0,1109.0,2.2,7,45.0,27.46,28.613202681299263,-1.1532026812992626
train,400.0,180.0,0.0,0,0.0,0.0,0.45,948.0,776.0,1.92,3,200.0,34.65,33.99444361111141,0.6555563888885914
train,629.0,166.0,0.0,0,33.1,18.87,0.25,842.0,781.0,7.6,7,127.0,98.6,99.28035476190502,-0.6803547619050221
train,260.0,155.0,97.78,0,0.0,10.0,0.43,873.81,970.49,11.25,7,170.0,47.8,48.86948888888919,-1.0694888888891896
train,373.1,200.0,106.0,0,42.4,8.5,0.38,940.0,850.0,5.72,28,200.0,77.54,76.83832222222264,0.7016777777773626
train,690.0,145.0,0.0,0,36.3,10.35,0.2,842.0,781.0,12.7,7,127.0,90.6,89.95008888888923,0.649911111110768
train,545.875,192.5,0.0,0,0.0,4.125,0.35,674.0,1011.0,4.4,28,380.0,53.94,54.86091111111145,-0.920911111111451
train,500.0,165.0,0.0,0,0.0,0.0,0.33,806.0,982.0,5.0,3,250.0,19.6,25.824283333333113,-6.224283333333112
train,582.0,212.0,0.0,0,0.0,18.0,0.36,472.0,1020.0,1.2,28,162.0,58.42,56.708689920634455,1.7113100793655462
train,266.5,146.25,48.75,0,0.0,9.75,0.46,872.9681,1055.105892,4.875,28,150.0,52.21,52.98403111111048,-0.7740311111104816
train,320.0,180.0,60.0,0,0.0,20.0,0.47,948.0,776.0,9.32,3,200.0,33.37,35.10393333333315,-1.7339333333331552
train,450.0,180.0,0.0,0,0.0,0.0,0.4,664.0,1180.0,0.0,7,51.4,41.09,41.13875396825382,-0.048753968253819835
train,492.5,212.0,0.0,0,0.0,7.5,0.43,544.0,1020.0,0.66,56,162.0,53.47,53.55014259259299,-0.08014259259299195
train,392.0,200.0,0.0,0,0.0,7.84,0.51,693.0,1104.0,10.192,2,305.0,31.88,31.652144444444566,0.2278555555554327
train,348.25,210.0,0.0,0,0.0,1.75,0.6,610.0,1210.0,0.875,7,250.0,25.25,24.81546666666659,0.43453333333340893
train,338.8,189.0,0.0,0,0.0,5.2,0.56,924.0,924.0,2.4,7,148.0,44.83,43.41113703703757,1.4188629629624288
train,400.0,185.0,120.0,0,0.0,8.4,0.36,949.0,669.0,7.84,28,80.0,75.69,71.99267802469167,3.697321975308327
train,436.5,198.0,0.0,0,0.0,13.5,0.45,1000.0,750.0,9.0,28,202.0,51.78,52.40524444444437,-0.6252444444443697
train,235.0,136.7,235.0,0,0.0,0.0,0.29,676.0,1278.0,0.0,3,116.0,18.61,19.524015000000116,-0.9140150000001164
train,260.0,170.0,97.78,0,0.0,0.0,0.48,879.45,976.75,4.18,28,170.0,51.19,53.94987710826238,-2.75987710826238
train,540.0,190.0,160.0,0,0.0,10.8,0.27,512.0,1030.0,5.94,7,205.0,47.55,48.04640000000016,-0.4964000000001647
train,282.0,136.7,188.0,0,0.0,0.0,0.29,676.0,1278.0,0.0,56,116.0,45.45,45.590309259259165,-0.14030925925916193
train,276.25,146.25,48.75,0,0.0,0.0,0.45,876.4373,1059.298859,3.25,28,150.0,47.0,47.84643055555553,-0.8464305555555285
train,475.2,192.0,0.0,0,0.0,4.8,0.4,597.0,1109.0,2.2,7,45.0,31.68,28.613202681299263,3.0667973187007362
train,416.0,182.0,0.0,0,0.0,0.0,0.44,739.0,1109.0,0.0,28,228.0,64.62,65.18790222222296,-0.5679022222229548
train,160.0,163.0,232.0,0,0.0,8.0,0.42,684.0,1184.0,0.0,3,160.0,8.96,9.21080098765431,-0.25080098765430847
train,415.8,160.0,0.0,0,0.0,4.2,0.38,728.0,1092.0,0.0,1,92.0,27.94,28.564023148147832,-0.6240231481478311
train,273.0,132.6,117.0,0,0.0,46.8,0.34,762.0,1143.0,3.14,7,80.0,51.51,49.00902222222231,2.5009777777776847
train,400.0,185.0,120.0,0,0.0,2.8,0.36,955.0,673.0,7.84,28,160.0,73.1,70.23323197330359,2.8667680266964055
train,500.0,165.0,0.0,0,0.0,0.0,0.33,806.0,982.0,5.0,7,250.0,43.47,43.02093333333365,0.4490666666663472
train,120.0,163.0,84.0,196,0.0,0.0,0.41,684.0,1184.0,1.15,3,160.0,24.51,26.016740740740538,-1.5067407407405362
train,443.25,180.0,0.0,0,0.0,6.75,0.41,492.0,1148.0,0.0,7,160.0,31.88,31.563852727272987,0.3161472727270116
train,540.0,190.0,160.0,0,0.0,21.6,0.27,512.0,1030.0,5.94,28,205.0,75.5,73.6427722222224,1.8572277777775952
train,390.0,132.6,0.0,0,0.0,46.8,0.34,774.0,1162.0,4.39,3,80.0,46.79,43.453585185185545,3.3364148148144537
train,394.0,200.0,0.0,0,0.0,6.0,0.5,615.0,1205.0,3.0,7,250.0,39.11,38.5991381481483,0.5108618518517005
train,346.5,210.0,0.0,0,0.0,3.5,0.6,610.0,1210.0,0.875,28,51.4,29.7,30.82543333333361,-1.1254333333336106
train,350.0,117.15,0.0,0,0.0,5.0,0.33,906.0,1103.0,3.55,7,250.0,25.84,26.74364444444464,-0.903644444444641
train,400.0,185.0,80.0,0,0.0,5.6,0.39,983.0,692.0,7.84,28,80.0,64.79,65.62163150052129,-0.8316315005212829
train,450.0,153.45,0.0,0,0.0,15.0,0.33,790.0,962.0,4.65,7,250.0,25.05,28.760488888888574,-3.710488888888573
test,160.0,163.0,232.0,0,0.0,8.0,0.42,684.0,1184.0,0.0,56,160.0,26.7,26.296540873016088,0.4034591269839112
test,350.0,210.0,0.0,0,0.0,0.0,0.6,610.0,1210.0,0.0,7,250.0,20.3,21.7556076719574,-1.4556076719573987
test,450.0,180.0,0.0,0,0.0,0.0,0.4,640.0,1180.0,0.0,7,200.0,34.9,39.644632193732136,-4.744632193732137
test,541.75,165.0,0.0,0,0.0,8.25,0.3,699.0,1049.0,8.25,3,380.0,41.91,46.60752222222218,-4.697522222222183
test,380.0,185.0,0.0,0,0.0,1.14,0.49,825.0,948.0,5.6,28,200.0,57.9,58.17906407407367,-0.2790640740736734
test,483.0,145.0,0.0,0,0.0,0.0,0.3,739.0,1109.0,0.0,28,228.0,106.1,102.31613333333286,3.7838666666671372
test,273.0,156.0,117.0,0,0.0,0.0,0.4,775.0,1163.0,1.12,7,80.0,46.79,39.28503740740741,7.504962592592591
test,443.3,162.0,0.0,0,0.0,6.75,0.37,889.0,986.0,4.24,90,92.0,98.68,83.66665148148118,15.013348518518825
test,264.0,163.0,128.0,0,0.0,8.0,0.42,684.0,1184.0,0.0,7,160.0,24.63,28.641085925925672,-4.0110859259256735
test,400.0,163.0,0.0,0,0.0,0.0,0.41,684.0,1184.0,0.0,3,160.0,15.06,31.258005833333698,-16.198005833333696
test,160.0,163.0,232.0,0,0.0,8.0,0.42,684.0,1184.0,0.0,56,160.0,26.58,26.296540873016088,0.2834591269839102
test,450.0,150.15,0.0,0,0.0,5.0,0.33,827.0,1007.0,4.55,28,250.0,67.92,67.53324962962967,0.3867503703703363
test,415.8,160.0,0.0,0,0.0,4.2,0.38,728.0,1092.0,0.0,3,92.0,35.68,35.58955203703664,0.09044796296335988
test,399.0,160.0,0.0,0,0.0,21.0,0.4,728.0,1092.0,0.0,3,92.0,30.83,34.27090068783055,-3.440900687830549
test,396.0,200.0,0.0,0,0.0,4.0,0.5,615.0,1205.0,2.0,28,250.0,44.85,41.76001987974986,3.0899801202501394
test,400.0,200.0,0.0,0,0.0,0.0,0.5,693.0,1104.0,0.8,1,305.0,14.55,19.83904407407428,-5.28904407407428
test,264.0,163.0,128.0,0,0.0,8.0,0.42,684.0,1184.0,0.0,3,160.0,20.0,25.79638874338624,-5.796388743386242
test,120.0,156.0,0.0,280,0.0,0.0,0.39,898.0,1032.0,4.5,7,345.0,61.09,51.30762222222196,9.782377777778045
test,436.5,180.0,0.0,0,0.0,9.0,0.4,664.0,1180.0,3.375,28,51.4,59.6,58.05070626262637,1.549293737373631
test,288.0,172.0,0.0,0,0.0,8.64,0.6,771.0,1164.0,1.73,7,228.0,30.57,31.17281574074045,-0.60281574074045
test,540.0,142.0,0.0,0,28.4,16.2,0.25,722.0,1044.0,6.5,3,127.0,86.4,87.06197777777737,-0.6619777777773663
test,415.5,200.0,106.0,0,0.0,8.5,0.38,940.0,850.0,5.72,28,200.0,75.42,73.50139777777801,1.9186022222219918
test,80.0,163.0,0.0,312,0.0,8.0,0.42,684.0,1184.0,4.34,3,160.0,32.21,33.0784970370371,-0.8684970370371019
test,444.3,180.0,0.0,0,0.0,4.5,0.4,664.0,1180.0,1.35,28,51.4,58.02,57.46031375260591,0.5596862473940902
test,303.4,200.0,0.0,0,0.0,4.6,0.66,924.0,924.0,1.5,28,148.0,47.36,38.6193444444447,8.7406555555553
test,443.3,162.0,0.0,0,0.0,6.75,0.37,889.0,986.0,4.24,28,92.0,90.57,80.9352972222219,9.634702777778088
test,112.0,156.0,0.0,280,0.0,8.0,0.4,898.0,1031.0,4.75,1,345.0,20.89,32.20481111111079,-11.314811111110792
test,446.625,180.0,0.0,0,0.0,3.375,0.4,640.0,1180.0,0.0,7,200.0,35.2,43.73954629629631,-8.539546296296308
test,282.0,136.7,188.0,0,0.0,8.46,0.29,676.0,1278.0,0.0,56,116.0,54.65,49.3692595943562,5.280740405643797
test,400.0,185.0,120.0,0,0.0,11.2,0.36,947.0,667.0,7.84,120,80.0,84.79,86.39650000000033,-1.6065000000003238
test,591.0,212.0,0.0,0,0.0,9.0,0.36,472.0,1020.0,1.2,56,162.0,50.99,55.235125980038426,-4.245125980038424
test,450.0,180.0,0.0,0,0.0,0.0,0.4,492.0,1148.0,0.0,28,560.0,36.44,42.19522937830676,-5.755229378306765
test,260.0,163.0,128.0,0,0.0,8.0,0.42,684.0,1184.0,0.0,28,160.0,44.95,37.93449947089936,7.015500529100642
test,541.75,137.5,0.0,0,0.0,8.25,0.25,725.0,1087.0,12.65,7,380.0,67.15,69.98416666666688,-2.8341666666668743
test,392.0,163.0,0.0,0,0.0,8.0,0.42,684.0,1184.0,0.0,28,160.0,59.34,56.8736329629632,2.466367037036804
test,260.0,155.0,97.78,0,0.0,10.0,0.43,873.81,970.49,11.25,28,170.0,59.64,62.73621269841324,-3.0962126984132397
test,380.0,185.0,0.0,0,0.0,3.42,0.49,825.0,936.0,6.7,1,200.0,26.77,37.01751111111115,-10.247511111111148
test,280.0,157.0,0.0,120,0.0,0.0,0.39,905.0,1040.0,3.5,28,345.0,62.48,58.479785319865194,4.000214680134803
test,400.0,185.0,80.0,0,0.0,8.4,0.39,980.0,690.0,7.84,120,80.0,83.34,81.62917777777892,1.7108222222210827
test,396.0,200.0,0.0,0,0.0,3.96,0.51,693.0,1104.0,5.346,7,305.0,44.95,41.17857222222193,3.7714277777780723
test,431.65,200.0,0.0,0,0.0,13.35,0.46,859.0,872.0,7.16,28,220.0,56.09,63.006458333333555,-6.916458333333551
test,264.0,163.0,128.0,0,0.0,8.0,0.42,684.0,1184.0,0.0,3,160.0,20.08,25.79638874338624,-5.7163887433862435
test,80.0,163.0,0.0,312,0.0,8.0,0.42,684.0,1184.0,4.34,28,160.0,54.01,54.73249129629671,-0.7224912962967096
test,400.0,200.0,0.0,0,0.0,0.0,0.5,615.0,1205.0,0.0,7,500.0,29.31,30.464529417989738,-1.154529417989739
test,400.0,185.0,80.0,0,0.0,8.4,0.39,979.0,689.0,7.84,28,160.0,56.09,63.46707459575844,-7.377074595758437
test,400.0,163.0,0.0,0,0.0,0.0,0.41,684.0,1184.0,0.0,180,160.0,64.55,58.35469015872978,6.195309841270216
test,436.5,180.0,0.0,0,0.0,13.5,0.41,640.0,1180.0,0.0,28,200.0,50.0,48.02348283068785,1.976517169312153
test,160.0,163.0,240.0,0,0.0,0.0,0.41,684.0,1184.0,0.0,28,160.0,24.91,23.97616192640704,0.933838073592959
test,160.0,163.0,232.0,0,0.0,8.0,0.42,684.0,1184.0,0.0,7,160.0,16.23,16.588298165784874,-0.3582981657848734
test,400.0,136.95,0.0,0,0.0,15.0,0.33,829.0,1010.0,4.15,7,250.0,31.39,34.264677777777855,-2.8746777777778547
test,540.0,212.0,0.0,0,60.0,0.0,0.35,472.0,1020.0,2.64,28,162.0,36.34,46.56995843394225,-10.229958433942244
test,441.0,180.0,0.0,0,0.0,9.0,0.41,492.0,1148.0,0.0,7,160.0,28.22,29.798163838384045,-1.5781638383840466
test,80.0,163.0,0.0,312,0.0,8.0,0.42,684.0,1184.0,4.34,56,160.0,54.5,56.956605436508255,-2.456605436508255
test,328.0,180.0,60.0,0,0.0,12.0,0.46,948.0,776.0,6.4,28,200.0,51.45,53.699322222222186,-2.249322222222183
test,391.0,179.0,0.0,0,20.8,4.2,0.43,739.0,1109.0,0.0,28,228.0,90.7,77.9785666666665,12.721433333333508
test,380.0,185.0,0.0,0,0.0,1.14,0.49,825.0,948.0,5.6,1,200.0,24.49,36.549577777777685,-12.059577777777687
test,416.1,188.1,142.5,0,0.0,11.4,0.34,804.6,804.7,7.13,28,150.0,66.2,71.03829563492091,-4.838295634920911
test,450.0,180.0,0.0,0,0.0,0.0,0.4,664.0,1180.0,0.0,28,250.0,54.26,56.83712944444475,-2.5771294444447506
test,320.0,180.0,60.0,0,0.0,20.0,0.47,948.0,776.0,9.32,28,200.0,51.32,53.57527962962999,-2.255279629629989
test,364.9,200.0,0.0,0,80.1,0.0,0.45,859.0,872.0,5.785,28,220.0,66.52,70.25248981481491,-3.7324898148149117
test,540.0,190.0,160.0,0,0.0,21.6,0.27,512.0,1030.0,5.94,7,205.0,48.91,49.02536666666691,-0.11536666666691531
test,407.4,160.0,0.0,0,0.0,12.6,0.39,728.0,1092.0,0.0,1,92.0,25.19,29.476874074073802,-4.2868740740738005
test,339.5,192.0,0.0,0,0.0,10.5,0.57,888.0,986.0,2.6,90,92.0,58.3,52.967622222222396,5.332377777777602
test,400.0,185.0,0.0,0,0.0,1.68,0.46,1048.0,738.0,7.84,120,500.0,59.04,60.556088888888674,-1.5160888888886745
test,369.0,191.0,0.0,0,19.4,0.0,0.49,739.0,1109.0,0.0,28,228.0,58.0,60.619885555555925,-2.619885555555925
test,200.0,180.0,0.0,192,0.0,8.0,0.46,771.0,1014.0,4.0,7,200.0,56.24,42.75838888888879,13.481611111111214
test,475.2,192.0,0.0,0,0.0,4.8,0.4,597.0,1109.0,2.2,7,45.0,27.46,28.61320268129926,-1.153202681299259
test,311.6,125.4,57.0,0,0.0,11.4,0.34,872.4446,1054.47318,7.6,7,150.0,60.76,54.71997777777792,6.040022222222078
test,388.0,180.0,0.0,0,0.0,12.0,0.46,948.0,776.0,6.68,28,200.0,59.79,57.34832981481433,2.4416701851856715
test,273.0,146.25,48.75,0,0.0,3.25,0.45,874.9733,1057.529504,4.0625,28,150.0,49.0,52.29717277777766,-3.2971727777776607
test,480.0,192.0,0.0,0,0.0,0.0,0.4,597.0,1109.0,2.2,28,45.0,34.91,39.51272430227177,-4.602724302271774
test,329.0,136.7,141.0,0,0.0,9.87,0.29,676.0,1278.0,0.0,3,116.0,41.88,31.337887407407266,10.542112592592737
test,255.0,165.0,45.0,0,0.0,0.0,0.55,865.013,1045.490961,2.25,56,150.0,38.7,40.58667163299647,-1.8866716329964675
test,400.0,185.0,80.0,0,0.0,1.68,0.39,987.0,695.0,7.84,120,500.0,64.17,70.08836666666603,-5.9183666666660315
test,264.0,163.0,128.0,0,0.0,8.0,0.42,684.0,1184.0,0.0,90,160.0,45.17,45.50368498677286,-0.33368498677285885
test,545.875,165.0,0.0,0,0.0,4.125,0.3,702.0,1052.0,6.6,3,200.0,45.98,47.029774074073735,-1.0497740740737385
test,394.0,200.0,0.0,0,0.0,6.0,0.5,615.0,1205.0,1.4,28,51.4,41.39,42.981301464646165,-1.5913014646461647
test,447.75,180.0,0.0,0,0.0,2.25,0.4,492.0,1148.0,0.0,90,160.0,46.04,46.917625968013375,-0.8776259680133762
test,240.0,165.0,45.0,0,0.0,15.0,0.58,859.9597,1039.383351,4.5,28,150.0,41.03,44.49143777777741,-3.4614377777774124
test,472.8,192.0,0.0,0,0.0,7.2,0.41,597.0,1109.0,2.2,28,45.0,37.36,40.26397720107026,-2.903977201070262
test,160.0,163.0,240.0,0,0.0,0.0,0.41,684.0,1184.0,0.0,7,160.0,15.45,16.489740132275088,-1.0397401322750888
test,400.0,185.0,120.0,0,0.0,11.2,0.36,947.0,667.0,7.84,28,80.0,58.14,66.76242839506187,-8.622428395061874
test,200.0,162.5,139.7,0,0.0,5.0,0.48,876.63,973.62,5.65,28,170.0,45.44,52.76187111111113,-7.321871111111129
test,272.0,157.0,0.0,120,0.0,8.0,0.4,903.0,1039.0,5.0,1,345.0,25.25,33.514299999999736,-8.264299999999736
test,447.0,180.0,0.0,0,0.0,1.125,0.4,664.0,1180.0,0.0,7,51.4,41.68,43.20860423280442,-1.528604232804419
test,445.5,180.0,0.0,0,0.0,4.5,0.4,492.0,1148.0,0.0,28,160.0,43.17,42.21906155255234,0.9509384474476619
test,441.0,180.0,0.0,0,0.0,6.75,0.4,664.0,1180.0,2.475,7,500.0,54.16,54.27729854497304,-0.11729854497304615
test,591.0,212.0,0.0,0,0.0,9.0,0.36,472.0,1020.0,1.2,56,162.0,60.07,55.235125980038426,4.834874019961575
test,338.0,210.4,0.0,0,0.0,6.76,0.62,800.0,1104.0,7.5374,28,305.0,39.5,37.74317777777809,1.7568222222219134
test,345.0,148.0,0.0,0,0.0,5.25,0.43,1053.0,724.0,3.92,28,478.0,49.5,54.866118589743586,-5.366118589743586
test,120.0,163.0,78.0,190,0.0,12.0,0.42,684.0,1184.0,4.11,3,160.0,34.77,31.467277407407394,3.302722592592609
test,547.2,188.1,0.0,0,0.0,22.8,0.34,816.0,816.0,15.68,28,150.0,76.4,71.4417701851854,4.958229814814601
test,260.0,146.25,48.75,0,0.0,16.25,0.47,870.9629,1052.682281,5.6875,3,150.0,30.68,36.94168814814844,-6.261688148148437
test,550.0,192.5,0.0,0,0.0,0.0,0.35,678.0,1017.0,1.1,3,200.0,32.18,33.420885277777515,-1.2408852777775152
test,160.0,163.0,240.0,0,0.0,0.0,0.41,684.0,1184.0,0.0,3,160.0,4.7,5.655813227513179,-0.955813227513179
test,240.0,163.0,160.0,0,0.0,0.0,0.41,684.0,1184.0,0.0,28,160.0,29.83,31.166943716931026,-1.336943716931028
test,450.0,118.0,0.0,0,23.7,6.75,0.25,602.0,1307.0,5.4,28,127.0,105.5,99.47053333333328,6.029466666666721
test,540.0,120.0,0.0,0,0.0,60.0,0.22,932.0,748.0,9.0,28,54.0,128.82,112.88987777777794,15.930122222222053
test,475.2,193.0,0.0,0,0.0,4.8,0.41,597.0,1109.0,0.0,28,45.0,28.93,27.37881788480034,1.5511821151996585
test,120.0,163.0,78.0,190,0.0,12.0,0.42,684.0,1184.0,4.11,180,160.0,73.02,67.10069999999934,5.919300000000661
test,348.25,210.0,0.0,0,0.0,1.75,0.6,610.0,1210.0,1.75,28,500.0,34.16,33.853522222222445,0.3064777777775518
test,350.0,187.0,0.0,0,0.0,0.0,0.53,1063.0,735.0,0.0,28,478.0,44.06,49.58832592592618,-5.528325925926175
test,450.0,180.0,0.0,0,0.0,0.0,0.4,492.0,1148.0,0.0,90,560.0,41.88,47.190915026454526,-5.3109150264545235
test,525.0,196.0,70.0,105,52.5,0.0,0.26,695.0,753.0,7.0,7,202.0,77.24,81.95521111111094,-4.715211111110946
test,320.0,162.5,55.87,0,0.0,5.0,0.43,876.63,973.62,7.62,7,170.0,52.7,53.49373055555563,-0.7937305555556264
test,380.0,185.0,0.0,0,0.0,3.42,0.49,825.0,936.0,6.7,91,200.0,63.65,63.77697777777742,-0.12697777777741948
test,240.0,163.0,160.0,0,0.0,0.0,0.41,684.0,1184.0,0.0,7,160.0,21.45,22.647928289241737,-1.1979282892417373
test,447.75,180.0,0.0,0,0.0,2.25,0.4,492.0,1148.0,0.0,28,560.0,38.81,42.80068472222217,-3.99068472222217
test,400.0,185.0,120.0,0,0.0,8.4,0.36,949.0,668.0,7.84,120,160.0,64.05,77.37191111111076,-13.321911111110765
test,446.625,180.0,0.0,0,0.0,3.375,0.4,640.0,1180.0,0.0,28,200.0,45.0,44.38211685185166,0.6178831481483371
test,288.0,180.0,100.0,0,0.0,12.0,0.46,948.0,776.0,6.32,3,200.0,28.03,34.38522222222228,-6.355222222222281
test,545.875,192.5,0.0,0,0.0,4.125,0.35,674.0,1011.0,4.4,3,200.0,35.07,34.87039314814775,0.19960685185225202
test,436.5,180.0,0.0,0,0.0,13.5,0.41,640.0,1180.0,0.0,365,200.0,54.9,52.8094000000001,2.0905999999998954
test,582.0,212.0,0.0,0,0.0,18.0,0.36,472.0,1020.0,1.2,28,162.0,50.5,56.708689920634434,-6.208689920634434
test,525.0,196.0,70.0,105,0.0,2.62,0.28,695.0,753.0,7.0,28,202.0,87.24,83.59189555555551,3.648104444444485
test,545.875,137.5,0.0,0,0.0,4.125,0.25,728.0,1092.0,9.9,91,380.0,89.39,88.50675555555625,0.8832444444437471
test,288.0,180.0,100.0,0,0.0,12.0,0.46,948.0,776.0,6.32,28,200.0,46.77,51.779448148148305,-5.0094481481483015
test,443.25,180.0,0.0,0,0.0,6.75,0.41,492.0,1148.0,0.0,28,560.0,40.79,44.2435096296299,-3.453509629629899
test,400.0,185.0,40.0,0,0.0,8.4,0.42,1010.0,712.0,7.84,120,80.0,75.06,71.26265555555548,3.7973444444445192
test,338.0,210.4,0.0,0,0.0,6.76,0.62,800.0,1104.0,7.5374,1,305.0,19.01,17.830788888888915,1.179211111111087
test,350.0,117.15,0.0,0,0.0,5.0,0.33,906.0,1103.0,3.55,3,250.0,14.36,16.79828888888882,-2.4382888888888203
test,322.0,192.0,0.0,0,28.0,0.0,0.55,884.0,983.0,2.0,90,92.0,56.7,55.46507376543259,1.2349262345674106
test,120.0,163.0,84.0,196,0.0,0.0,0.41,684.0,1184.0,1.15,91,160.0,56.71,54.35211999999984,2.357880000000158
test,422.0,162.0,0.0,0,18.0,10.1,0.37,884.0,981.0,5.78,90,92.0,104.06,96.91730000000064,7.1426999999993654
test,400.0,185.0,120.0,0,0.0,1.68,0.36,957.0,673.0,7.84,28,500.0,53.28,62.58229259259248,-9.30229259259248
test,400.0,185.0,120.0,0,0.0,2.8,0.36,955.0,673.0,7.84,120,160.0,83.8,77.1376555555551,6.662344444444898
test,454.0,140.0,0.0,0,24.1,4.8,0.29,739.0,1109.0,0.0,28,228.0,122.25,116.23971111111015,6.010288888889846
test,394.0,200.0,0.0,0,0.0,6.0,0.5,615.0,1205.0,4.0,28,500.0,45.84,46.73758975376445,-0.8975897537644499
test,441.0,180.0,0.0,0,0.0,6.75,0.4,664.0,1180.0,2.475,28,250.0,70.1,67.18947259259251,2.9105274074074856
test,420.0,189.0,0.0,0,0.0,0.0,0.45,685.0,1134.0,2.5,7,41.0,25.82,37.720758963505666,-11.900758963505666
test,339.5,210.0,0.0,0,0.0,10.5,0.6,610.0,1210.0,7.0,28,500.0,36.73,35.77508888888898,0.9549111111110165
test,329.0,136.7,141.0,0,19.74,0.0,0.28,676.0,1278.0,0.0,56,116.0,63.66,55.526673333333754,8.133326666666242
test,273.6,188.1,285.0,0,0.0,11.4,0.34,782.4,782.4,5.7,28,150.0,52.9,63.72740253968285,-10.82740253968285
test,270.0,180.0,100.0,0,0.0,30.0,0.49,948.0,776.0,15.12,3,200.0,36.12,37.896755555555984,-1.7767555555559866
test,540.0,190.0,160.0,0,0.0,0.0,0.27,512.0,1030.0,5.94,28,205.0,68.7,70.22460274691362,-1.5246027469136152
test,276.25,146.25,48.75,0,0.0,0.0,0.45,876.4373,1059.298859,3.25,3,150.0,26.63,28.70058388888911,-2.070583888889111
test,200.0,180.0,0.0,192,8.0,0.0,0.45,771.0,1014.0,1.7,91,200.0,69.01,66.47537407407467,2.53462592592534
test,384.0,163.0,0.0,0,0.0,16.0,0.42,684.0,1184.0,0.0,56,160.0,61.32,61.13757965608377,0.18242034391622752
test,448.0,180.0,0.0,0,0.0,0.0,0.4,664.0,1180.0,0.0,7,250.0,47.92,45.12955714285733,2.790442857142672
test,246.0,165.0,45.0,0,0.0,9.0,0.57,861.8107,1041.620531,3.75,3,150.0,26.2,24.76180333333322,1.43819666666678
test,264.0,163.0,128.0,0,0.0,8.0,0.42,684.0,1184.0,0.0,7,160.0,24.84,28.641085925925672,-3.8010859259256726
test,450.0,180.0,0.0,0,0.0,0.0,0.4,640.0,1180.0,0.0,90,200.0,45.0,46.0451888888886,-1.0451888888886032
test,400.0,163.0,0.0,0,0.0,0.0,0.41,684.0,1184.0,0.0,56,160.0,45.08,51.395905464967015,-6.315905464967017
test,541.75,165.0,0.0,0,0.0,8.25,0.3,699.0,1049.0,8.25,7,380.0,49.64,57.22273333333395,-7.582733333333948
test,475.2,193.0,0.0,0,0.0,4.8,0.41,597.0,1109.0,0.0,7,45.0,20.59,22.634734563492025,-2.0447345634920246
test,200.0,180.0,0.0,192,0.0,8.0,0.46,771.0,1014.0,4.0,28,200.0,69.11,63.4709055555561,5.639094444443899
test,436.5,180.0,0.0,0,0.0,9.0,0.4,664.0,1180.0,3.375,28,250.0,71.19,66.6669824074078,4.523017592592197
test,400.0,163.0,0.0,0,0.0,0.0,0.41,684.0,1184.0,0.0,7,160.0,20.05,35.04000179894182,-14.990001798941822
test,246.0,165.0,45.0,0,0.0,9.0,0.57,861.8107,1041.620531,3.75,56,150.0,46.06,43.56989357142842,2.490106428571579
test,418.3,200.0,0.0,0,26.7,0.0,0.45,859.0,872.0,4.005,28,220.0,62.77,66.82140185185195,-4.051401851851942
test,160.0,163.0,232.0,0,0.0,8.0,0.42,684.0,1184.0,0.0,90,160.0,27.97,27.90726576719572,0.06273423280427792
test,235.0,136.7,235.0,0,0.0,0.0,0.29,676.0,1278.0,0.0,28,116.0,32.18,40.56018611111135,-8.38018611111135
test,392.0,163.0,0.0,0,0.0,8.0,0.42,684.0,1184.0,0.0,7,160.0,50.57,48.14217910052914,2.427820899470859
test,540.0,190.0,160.0,0,0.0,16.2,0.27,512.0,1030.0,5.94,28,205.0,74.85,73.2518611111113,1.5981388888886983
test,343.0,210.0,0.0,0,0.0,7.0,0.6,610.0,1210.0,1.925,7,51.4,26.83,26.95927545181042,-0.12927545181042177
test,545.875,192.5,0.0,0,0.0,4.125,0.35,674.0,1011.0,4.4,91,200.0,61.37,58.10878666666689,3.26121333333311
test,240.0,163.0,160.0,0,0.0,0.0,0.41,684.0,1184.0,0.0,7,160.0,21.54,22.647928289241737,-1.1079282892417375
test,447.0,180.0,0.0,0,0.0,1.125,0.4,664.0,1180.0,0.0,28,51.4,54.85,55.082293994709374,-0.23229399470937295
test,445.5,198.0,0.0,0,0.0,4.5,0.44,1000.0,750.0,6.75,28,202.0,50.69,51.84811666666739,-1.1581166666673894
test,398.0,200.0,0.0,0,0.0,2.0,0.5,615.0,1205.0,1.0,28,250.0,43.17,39.58095169753081,3.5890483024691946
test,331.8,189.0,0.0,84,0.0,4.2,0.45,685.0,1134.0,2.5,7,41.0,24.94,32.32748519943033,-7.387485199430326
test,260.0,146.25,48.75,0,0.0,16.25,0.47,870.9629,1052.682281,5.6875,7,150.0,39.36,42.39530000000006,-3.0353000000000634
test,400.0,185.0,0.0,0,0.0,11.2,0.46,1036.0,730.0,7.84,28,160.0,52.46,51.84594925925903,0.6140507407409714
test,288.0,172.0,0.0,0,0.0,1.44,0.6,776.0,1164.0,0.86,7,228.0,27.26,27.967903240740768,-0.7079032407407659
test,436.5,180.0,0.0,0,0.0,13.5,0.41,640.0,1180.0,0.0,7,200.0,39.0,41.820230555555575,-2.8202305555555753
test,246.0,165.0,45.0,0,0.0,9.0,0.57,861.8107,1041.620531,3.75,7,150.0,34.48,33.1534288888885,1.3265711111114982
test,400.0,185.0,40.0,0,0.0,5.6,0.42,1014.0,714.0,7.84,28,80.0,61.72,58.08449012345702,3.635509876542976
test,545.875,137.5,0.0,0,0.0,4.125,0.25,728.0,1092.0,9.9,91,200.0,94.3,89.23900000000015,5.060999999999851
test,380.0,180.0,0.0,0,0.0,20.0,0.47,948.0,776.0,9.12,7,200.0,49.48,49.55855925925918,-0.07855925925917973
test,398.0,200.0,0.0,0,0.0,1.99,0.5,693.0,1104.0,3.184,7,305.0,42.67,37.699924116809015,4.970075883190987
test,276.0,157.0,0.0,120,0.0,4.0,0.4,904.0,1039.0,4.0,7,345.0,59.5,49.18851111111106,10.311488888888938
test,541.75,192.5,0.0,0,0.0,8.25,0.36,671.0,1007.0,6.6,28,200.0,61.26,63.64572222222264,-2.3857222222226397
test,541.75,165.0,0.0,0,0.0,8.25,0.3,699.0,1049.0,8.25,91,200.0,76.09,71.77993055555565,4.310069444444352
test,545.875,165.0,0.0,0,0.0,4.125,0.3,702.0,1052.0,6.6,91,380.0,71.1,70.41877777777786,0.6812222222221322
test,200.0,180.0,200.0,0,0.0,0.0,0.45,740.0,1014.0,0.5,91,200.0,49.7,50.288789497354266,-0.5887894973542629
test,550.0,165.0,0.0,0,0.0,0.0,0.3,705.0,1057.0,3.85,7,200.0,56.56,40.23905555555559,16.320944444444415
test,535.8,188.1,0.0,0,0.0,34.2,0.35,806.9,806.9,21.38,28,150.0,73.4,71.2646377777778,2.1353622222221986
test,160.0,163.0,232.0,0,0.0,8.0,0.42,684.0,1184.0,0.0,28,160.0,23.94,24.821728333333358,-0.8817283333333563
test,280.0,180.0,100.0,0,0.0,20.0,0.47,948.0,776.0,8.92,3,200.0,32.37,35.6879,-3.3179000000000016
test,343.0,210.0,0.0,0,0.0,7.0,0.6,610.0,1210.0,5.25,7,500.0,28.91,29.87728888888899,-0.9672888888889908
test,441.0,198.0,0.0,0,0.0,9.0,0.45,1000.0,750.0,8.1,28,202.0,53.17,53.23982629629665,-0.06982629629664672
test,339.5,192.0,0.0,0,0.0,10.5,0.57,888.0,986.0,2.6,28,92.0,55.09,51.197515679012525,3.892484320987478
test,200.0,170.0,139.7,0,0.0,0.0,0.5,879.45,976.75,2.93,28,170.0,39.98,47.45570277777793,-7.475702777777933
test,343.0,210.0,0.0,0,0.0,7.0,0.6,610.0,1210.0,1.925,28,51.4,34.26,35.219585185185174,-0.9595851851851762
test,264.0,163.0,128.0,0,0.0,8.0,0.42,684.0,1184.0,0.0,3,160.0,20.05,25.79638874338624,-5.746388743386241
test,450.0,162.0,0.0,0,0.0,0.0,0.36,889.0,987.0,2.4,90,92.0,86.42,78.58892777777749,7.831072222222517
test,400.0,185.0,80.0,0,0.0,8.4,0.39,980.0,690.0,7.84,28,80.0,78.15,65.18466284972754,12.965337150272461
test,441.0,180.0,0.0,0,0.0,6.75,0.4,664.0,1180.0,2.475,7,51.4,45.64,46.09061901234599,-0.4506190123459888
test,334.0,180.0,60.0,0,0.0,6.0,0.46,948.0,776.0,4.28,7,200.0,39.24,38.747322222222316,0.4926777777776863
test,364.9,200.0,0.0,0,80.1,0.0,0.45,859.0,872.0,5.785,7,220.0,57.06,57.34681388888861,-0.28681388888860937
test,446.0,180.0,0.0,0,0.0,2.25,0.4,664.0,1180.0,0.5625,7,51.4,43.27,43.758716640211894,-0.48871664021189076
test,475.2,192.0,0.0,0,0.0,4.8,0.4,597.0,1109.0,2.2,28,45.0,30.4,39.51543636291717,-9.115436362917173
test,291.0,212.0,0.0,0,0.0,9.0,0.73,716.0,1020.0,0.25,28,162.0,46.53,43.72039275132265,2.8096072486773522
test,400.0,170.0,0.0,0,0.0,0.0,0.43,879.5,976.8,5.3,28,170.0,69.66,67.06366009259268,2.5963399074073124
test,500.0,212.0,0.0,0,0.0,0.0,0.42,544.0,1020.0,1.32,28,162.0,39.6,41.337122865560225,-1.7371228655602238
test,550.0,165.0,0.0,0,0.0,0.0,0.3,705.0,1057.0,3.85,3,200.0,44.96,29.082992222222053,15.877007777777948
test,350.0,210.0,0.0,0,0.0,0.0,0.6,610.0,1210.0,0.0,28,500.0,26.73,28.065436111110877,-1.3354361111108766
test,276.0,157.0,0.0,120,0.0,4.0,0.4,904.0,1039.0,4.0,28,345.0,63.86,60.43632444444469,3.423675555555306
test,407.4,160.0,0.0,0,0.0,12.6,0.39,728.0,1092.0,0.0,7,92.0,43.17,45.17652898148178,-2.006528981481779
test,690.0,145.0,0.0,0,36.3,20.7,0.2,842.0,781.0,12.7,3,127.0,82.7,83.3096666666667,-0.6096666666666977
test,400.0,135.3,0.0,0,0.0,10.0,0.33,848.0,1033.0,4.1,7,250.0,42.18,34.056077777778064,8.123922222221935
test,400.0,185.0,0.0,0,0.0,5.6,0.46,1044.0,734.0,7.84,120,160.0,59.46,63.364544444444256,-3.904544444444255
test,323.4,189.0,0.0,84,0.0,12.6,0.46,685.0,1134.0,2.5,28,41.0,40.56,41.672120370370486,-1.1121203703704836
test,407.3,162.0,0.0,0,36.0,6.75,0.37,881.0,978.0,5.37,90,92.0,101.13,95.67298888888932,5.457011111110674
test,420.0,160.0,0.0,0,0.0,0.0,0.38,728.0,1092.0,0.0,1,92.0,24.0,28.51807129629596,-4.518071296295961
test,282.0,136.7,188.0,0,16.92,0.0,0.28,676.0,1278.0,0.0,7,116.0,32.77,29.904066666666463,2.8659333333335404
test,200.0,180.0,0.0,200,0.0,0.0,0.45,774.0,1014.0,1.4,3,200.0,35.05,35.09693222222209,-0.04693222222208959
test,541.75,165.0,0.0,0,0.0,8.25,0.3,699.0,1049.0,8.25,3,200.0,51.27,48.5662222222223,2.7037777777777023
test,450.0,153.45,0.0,0,0.0,15.0,0.33,790.0,962.0,4.65,28,250.0,58.61,67.87742888888882,-9.267428888888816
test,384.0,163.0,0.0,0,0.0,16.0,0.42,684.0,1184.0,0.0,90,160.0,62.67,62.04540333333249,0.6245966666675145
test,80.0,163.0,0.0,320,0.0,0.0,0.41,684.0,1184.0,2.85,56,160.0,48.01,47.09367935185209,0.9163206481479094
test,388.0,180.0,0.0,0,0.0,12.0,0.46,948.0,776.0,6.68,3,200.0,36.13,40.280770370370405,-4.150770370370402
test,545.875,165.0,0.0,0,0.0,4.125,0.3,702.0,1052.0,6.6,28,380.0,63.78,63.713120634921005,0.0668793650789965
test,415.8,160.0,0.0,0,0.0,4.2,0.38,728.0,1092.0,0.0,28,92.0,54.32,52.0147826487093,2.3052173512907004
test,329.0,136.7,141.0,0,0.0,0.0,0.29,676.0,1278.0,0.0,56,116.0,58.32,50.27619574074057,8.043804259259431
test,545.875,165.0,0.0,0,0.0,4.125,0.3,702.0,1052.0,6.6,7,380.0,51.98,54.51475555555558,-2.5347555555555843
test,329.0,136.7,141.0,0,0.0,9.87,0.29,676.0,1278.0,0.0,56,116.0,65.25,58.47548243386189,6.774517566138108
test,270.0,180.0,100.0,0,0.0,30.0,0.49,948.0,776.0,15.12,28,200.0,46.58,51.52426666666718,-4.944266666667183
test,235.0,136.7,235.0,0,14.1,0.0,0.28,676.0,1278.0,0.0,90,116.0,51.09,48.5812944444449,2.508705555555103
test,380.0,185.0,0.0,0,0.0,0.0,0.49,825.0,960.0,2.6,7,200.0,46.28,44.16923444444445,2.1107655555555525
test,396.0,200.0,0.0,0,0.0,3.96,0.51,693.0,1104.0,5.346,28,305.0,53.96,50.54401481481445,3.415985185185548
test,446.0,180.0,0.0,0,0.0,2.25,0.4,664.0,1180.0,0.5625,28,51.4,56.34,56.42447621693166,-0.0844762169316553
test,308.0,200.0,0.0,0,0.0,0.0,0.65,924.0,924.0,1.5,28,148.0,33.62,38.297399999999946,-4.677399999999949
test,545.875,137.5,0.0,0,0.0,4.125,0.25,728.0,1092.0,9.9,28,200.0,85.97,84.23785555555547,1.732144444444529
test,200.0,180.0,200.0,0,0.0,0.0,0.45,740.0,1014.0,0.5,7,200.0,27.82,26.417125793650726,1.4028742063492743
test,447.75,180.0,0.0,0,0.0,2.25,0.4,492.0,1148.0,0.0,7,160.0,31.29,30.413015257335307,0.8769847426646926
test,200.0,180.0,192.0,0,0.0,8.0,0.46,739.0,1014.0,3.4,7,200.0,34.65,29.69703531746026,4.95296468253974
test,600.0,120.0,0.0,0,0.0,0.0,0.2,932.0,748.0,9.0,7,54.0,70.86,75.23063888888974,-4.370638888889744
test,304.0,125.4,57.0,0,0.0,19.0,0.35,870.1,1051.63942,8.55,56,150.0,68.0,66.98432888888892,1.0156711111110752
